comment,youtube_id,date,like_num
"💛회차정보💙E. 563  은갈치와 표범E. 581  세기말 비주얼E. 579  기저귀 찬 꼴뚜기 (feat. 송이 거)E. 574  기저귀 찬 이태리 신사 (feat. 나은이 거)E. 564  커튼 뜯어 입고 온 특급 연예인E. 550  티셔츠 입고 축가E. 561  클리셰 모른 채 클리셰대로 입은 룩E. 578  기저귀 찬 해양구조대 (feat. 소울이 거)E. 521  이게 대체 무슨 조합이야 E. 567  힙합 할배E. 554  트레이너들 사이에서 GD라는 김종국 (feat. 본업 들통)E. 551  쿵짝 찾으러 왔다 볼 짝 맞을 룩  런닝맨 패션의 역사👇1탄  https://www.youtube.com/watch?v=wNdBd2i5keo2탄  https://www.youtube.com/watch?v=haBHC0cbVrw3탄  https://www.youtube.com/watch?v=bRIubBd00Yw",런닝맨 - 스브스 공식 채널,5일 전,228
지석진 분량 챙겨주려는 스타일리스트의 아름다운 마음 잘 봤습니다...,빈빈,5일 전,6.3천
15:42 남친이 트레이너일수도 있는데!! 하니까 어이없어하는 하하 개웃기다ㅋㅋㅋㅋㅋ 거기에 뒤에 세찬이 종국한테 형 가수 아니에요?! 하는것도 그렇고 환장케미다 ㄹㅇㅋㅋㅋㅋ,찬란,5일 전,2.3천
하차했는데도 이런 zip에 계속 나오는 이광수 그의 예능의 한계는 어디까지인가.....,L.D.G,5일 전,3.2천
런닝맨 스타일리스트분들의 노력지석진 : 우리 오빠 한 컷이라도 더!! 유튜브 클립 한개라도 더!!유재석 : 우리 오빠 귀엽게! 김종국 : 헬서패션을 찾아 떠나는 여정전소민 : 개구리라고? 개구리계의 최고아웃풋! 공주님으로 만들어주겠어!!하하 : 야만병을 억제시키시는 중양세찬 : 여기보세요 세찬이 쿨톤이랍니다💙💙송지효 : 뭘 가져와도 얼굴이 이기는지 실험 중,팝둥ASH,5일 전,2.7천
송지효 스타일리스트의 생각이 궁금하다...ㅜ 넘사벽미모를 저렇게ㅜㅜ,은지도,5일 전,255
숏컷이 문제가 아니라 핑킹가위로 자른것같은 느낌과 애매한 기장감이 문제라구....언니는 위아래 셋업트레이닝복에 포니테일만해도 예쁜데 어떻게 전문스타일리스트 코디가 이렇게까지 다양하게 별로야..?,오늘의현,5일 전,2.4천
11:32 세찬님이 지효님을 정말 귀여워 하시는 장면 (손쨕쨕 발콩 팔흔들흔들) 뭐랄까 팬의 마음을 절제해서 잘 보여주시는 것 같음ㅋㅋㅋㅋㅋㅋ,h_zi_21,5일 전,1.2천
소민언니랑 재석님 코디가 정말 일 잘하시는듯 매화마다 옷이 너무 예쁘고 컨셉에 잘 어울림,00,5일 전(수정됨),993
02:53 '지효같은 스타일이 머리가 짧건 길건 영향을 안 받아' 유느님이 민망할수도 있는 지효님을 더 칭찬해주는거 너무 스윗하다..이 멘트 말고도 하하 형이 모자 벗은 지효님을 배우 금보라님 닮았다면서 장난스럽게 놀리는게 다들 진짜 런닝맨에서 지효님을 아끼는게 보임..,룰그레이드,5일 전(수정됨),2.8천
"아니...진짜 지효언니 너무 아끼는 팬 입장으로 말하자면 너무너무 속상하고...숏컷도 종류가 있고 스킬이 있는건데 무슨 산에서 살다가 하산하려고 자기 스스로 자른 머리마냥,,,아 속상해서 짜증나요 진짜...헤메코 13년 다니셨다는데 솔직히 이거는 비즈니스잖아요..서로를 위해서 무슨 대책이라도 세우든지...소속사도 문제야..자기 아티스트 스타일링을 이렇게 하는데 가만 내비둬요,,? 런닝맨 하는동안 언니가 편해보이셔서 흐린눈 했는데 그냥 본판을 깎아 내리지만 않으셨음 좋겠어요 스타일리스트분들..ㅜ..하..ㅠ",이lee,5일 전,623
Running man OPENING TALK and FASHION clips are the ones I really love... It just shows the members' chemistry so well... 😍😍,Ishrat Puspita,5일 전,89
지효언니 헤메코 유느님 발끝만이라도 따라갔으면 좋겠다 여기 나온 영상들 석진옹 놀리는게 많지만 석진옹은 그냥 옷을 특이하게 입은거고 지효언니는 그냥 머리부터 발끝까지 관리가 안된 느낌임 소속사가 일하긴 하는건가 의문이 들 정도ㅠ,김화성,5일 전,1.1천
2:00 인스타 숏컷 사진 올라오는 날부터 모두가 기다린  지효 쇼컷 토크+ 늘 언니사랑만 받던 쏘미니 오랜만에 맞기 직전  ㅋㅋㅋㅋ,팝둥ASH,5일 전,825
왕코형님도 의상으로 놀림받는거 은근 즐기시는듯…ㅋㅋ 그래서 스타일리스트가 어그로끌릴만한거 골라오는듯ㅋㅋㅋㅋ앞으로도 계속해주세요 너무웃김ㅋㅋㅋ,리리,4일 전,81
Este programa es una joya 💕💕💕 Jihyo luce hermosa con el cabello corto.,Exon Pinzon,2일 전,1
종국형님은 진짜 런닝맨에서만 옷을 편하게 입고 오심.ㅎㅎㅎ  바로 팀복으로 갈아입어야하는것 때문 이기도 하고 활동성을 생각해서 최대한 편하게 반바지를 입으려 하는 것도 있고. 그래서 가끔은 사복을 입는 경우도 있고 메이크업도 잘 안 하기는편이기도 함. 근데 다른 프로그램에서 꾸며야할때는 딱 보면 스타일리스트 분이 진짜 실력이 있다는게 보여짐. 체형을 고려해서 종국형님한테 맞춰서 진짜 잘 꾸미심ㅎㅎ,JKOOK사랑,5일 전(수정됨),255
2:29 너무 웃곀ㅋㅋㅋㅋㅋㅋ 자막도 너무 센스있곸ㅋㅋㅋㅋㅋㅋㅋㅋㅋㅋ보통 맴버가 욕하면 삐처리하는데 이건 적나라하게 들려줘서 더 웃겨ㅋㅋㅋㅋㅋㅋㅋㅋㅋㅋㅋㅋ 욱지효 파이팅!,Y J,5일 전(수정됨),258
송지효님 팬들이 성명서 낼 만하다는 생각이 든다. 안꾸며도 예쁜데.. 미모를 가리는 이상한 코디가 많은 것 같음.,Song Yi,5일 전,163
"I love Jihyo's new hairstyle, she look so goon and so pretty",EXO-L_614,2일 전,3
지석진 스타일리스트가 모든 맴버 옷 입혀봤으면 좋겠다 ㅋㅋㅋㅋㅋ,현종환,5일 전,372
I really hope seokjin gets an award this coming sbs awards because he has been funny all year long and unlike the rest of the members that have now multiple shows or dramas he is the only one that only does RM so I hope next year gets a new host show,R U JELLY?,2일 전,49
"Unnamed heroes behind the scene, who give us many laughs with members' outfits aka the stylists.Also Jihyo's noona new haircut is cute. Just as Jae Suk said, she is now the most handsome member of RM 😂",Trung Thiều Quang,5일 전(수정됨),84
소민언니 tpo에 맞춰서 예능에 알맞게 코디해오는거 너무 좋음.,강하람,3일 전,43
This should be Fashion Critizing 4 - Sukjin Edition 😄 And apparently Sukjin has been stealing from Haha's children - Song's romper and Soul's backpack 😂😂😂,Anck T,3일 전(수정됨),27
진짜 제발 우리 지효언니 헤어 코디 샵 좀 바꿔주세요 우리 언니 얼굴이 되니까 저렇게 자르고 입혀도 예쁘게 잘 소화하는 거지 진짜 막말로 멤버 옷 바꿔입기로 입은 옷이 더 예뻐요;;,미인규,5일 전(수정됨),173
스타일 관련 말 꾸준히 나오는데도 안잘리는 철밥통인거 보면 엄청 친한 사인거 같은데 자기 발로 그만뒀으면 좋겠음 자기 직업 역할을 하나도 못하는데...,_-__-,5일 전,107
지효 언니 얼굴이 잘생겼으니 당연히 숏컷이고 단발이고 장발이고 다 어울리겠지만! 벌칙 가발 같이 잘라놓은 머리를 누가 소화해요.  그나마 지효언니니까 핑킹가위로 똥땅똥땅 잘라놓은 저 머리를 해놨음에도 귀엽다는 반응 나오는 거임. 민낯에 생머리일 때 제일 찰떡 같이 어울리고 예쁨ㅜ 머리하고 옷만 보면 진짜 헤어랑 스타일리스트 누군지 모르겠지만 송지효 안티인가 싶을 정도.,The way you are,5일 전,200
스타일리스트분들 앞으로도 이 패션지적 시리즈를 위해 열일해주시면 감사하겠습니다,4시 19분,5일 전,221
진짜 지효언니 런닝맨에서 코디 그냥 편한옷 입나보다 하고 흐린눈하고 봤는데 이건 너무 도를 넘은거 같다 다른 직업도 아니고 여배우 머리를 이렇게 한건 고소할수도 있는 정도 아닌가 팬들이 들고 일어나야 할듯,R U,5일 전,42
I really love jaesuk's outfit from the last episode 👍💙,Michelle Alicia,4일 전,6
송지효 코디는 ㄹㅇ 개꿀직업이네 대충해도 소화해주니까 ㅋㅋㅋ,dy choi,5일 전,350
지석진님 한 컷이라도 더 만들려는 스타일 리스트의 배려 ❤👍2:24  ㅋㅋㅋㅋㅋㅋㅋㅋㅋㅋㅋㅋㅋㅋㅋㅋㅋ 전소민님 죽을 뻔ㅋㅋㅋㅋㅋㅋ,가람바람,5일 전(수정됨),421
"지금 숏컷을 했다고 불만인게 아님. 숏컷을 해도 이상할 사람은 아니지만 사실 지효언니 얼굴형이나 이목구비상 짧은머리보다는 긴머리가 좀 더 본인의 얼굴을 잘 살려줄 수있는 스타일링이라 숏컷을 하려면 좀 더 신경을 썼어야 한다고봄. 그리고 긴머리든 짧은 머리든 두상, 얼굴에 어울릴 스타일링을 해놔야지 이건뭐... 앞머리 부터 저렇게 쥐파먹은 것처럼 해놓고, 저 뭉텅이로 잘라놓은거같은 구레나룻까지... 지효언니라서 저정도로 살린거아닌가요. 뭐 취향이란게 있을 수 있어서 저 머리도 예쁘다고 하실 분 있는거 알지만 솔직히 자기 머리 저렇게 해주세요!하면서 미용실에 가지고 가실분 있으신가요...",Jang Helen,5일 전(수정됨),363
"Although it is weird but Seokjin's stylist understood his/her assignment well 🤣For variety shows, it is important to make Seokjin looks funny lol",Faiz Five,4일 전,70
넘 궁금해서 찾아봤는데 낙하산룩 실제로 다 있는 옷이고 심지어 바지랑 운동화는 꽤 고가..;;웃음을 위한 스타일리스트님의 노력과 석진님의 용기(?)에 경의를 표합니다~!!,js,5일 전,274
석진형님 너무 좋다ㅋㅋㅋㅋ 세상 어디서 60 다되가시는 어르신 팔다리 잡고 억지로 기저귀 채우는 팀이 있음ㅋㅋㅋㅋㅋ,깊은 바다,5일 전,43
아 너무 좋아ㅠㅠㅠㅋㅋㅋㅋㅋㅋㅋㅋㅋㅋㅋㅋㅋㅋㅋㅋㅋㅋㅋㅋㅋㅋㅋㅋㅋㅋㅋㅋ그리고 지효언니 얼굴이 다함 코디랑 헤어쌤 정말ㅠㅠ지효언니 이쁘게 꾸며주세여..,K,5일 전(수정됨),268
hahaha gotta love sukjin's fashion,Rizky Ramadhan,4일 전,4
13:12 둘이 마주보고 웃는 거 진짜 자매같고 너무너무 귀엽고 좋음..ㅠㅠ,한낮,5일 전,69
송지효 머리 진짜 너무 속상해... 작품 때문에 그런 거면 빨리 찍고 붙임머리나 부분 가발 같은 걸로 원상복귀 시켜놨으면 좋겠음 ㅅㅂ 감자만 먹던 시절이냐고 웰컴투동막골 리메이크 찍는거면 인정해준다 내가,_너는누구니,5일 전(수정됨),202
지석진 코디 일부로 저렇게 입히는 것 같아 ㅋㅋㅋㅋㅋㅋㅋㅋㅋㅋㅋㅋㅋㅋ 은근히 매기는거 같아웃긴게 지석진도 그걸 은근히 즐기는 것 같고 ㅋㅋㅋㅋㅋㅋㅋㅋㅋㅋㅋㅋㅋㅋㅋ,코알라,4일 전,41
"전소민, 유재석 스타일리스트분들은 여러 스타일들 이쁘게 잘가져오시네",무쨍이근찬,5일 전,152
송죠 헤메코 그냥 열일하지 말아줘… 실험하지 마.. 도전하지 마 그냥… 백화점에 디피된 옷 그냥 그대로 갖다 입혀 좀 ㅠㅠㅠ 송죠 얼굴로 어떤 스타일까지 커버되나 실험하는 거냐고,미천한 제가 감히 반박하자면,5일 전,45
전소민 스타일리스트가 젤 이쁘게 잘 입히는 듯👍 컨셉이랑 잘 어울리고 이쁨ㅎ💖,JY S,5일 전(수정됨),481
진짜 송지효 헤메코 누구야... 흰 티에 청바지만 입히고 생머리여도 최고인데.. 사람가지고 실험하는 것도 아니고요 그래도 돈 받고 하는거면 최선은 아니어도 최악은 아니어야 되는거 아닌가요? 꾸준히 팬들끼리 불만 터지는데 발전은 없고 이럴거면 다른 업체로 바꿔줘요,미미친놈아니가먼저잘못했잖아,5일 전,198
송지효 헤어스타일리스트랑 스타일리스트는 진심 할말하않... 아니 숏컷을 하는건 좋은데 왜 주방가위 가지고 샤워 도중에 셀프로 자른것마냥 쥐파먹은 듯한 머리로 만드는거며(반대로 긴 머리일 땐 항상 부시시한 오은영 박사님st이라 환장...) 옷은 무슨 키즈카페 인싸 남자 유치원생한테 입히듯이 세상 알록달록하고 펑퍼짐하게 핏이나 색감이 서로 전혀 매치도 안 되게끔 입힘. 스타일리스트가 준비한 옷보다 런닝맨 벌칙의상이 나은 수준이라니,hohohalmoni,5일 전(수정됨),429
외모로 머리스타일을 커버하는 지효님 ㄷㄷ,끼룩,5일 전,255
I love Somin’s outfits tho 😍,BANGTAN WILLBEN,2일 전,0
지효가 숏컷을 하고싶어서 했다면 더이상은 말을 얹지 않겠지만 솔직히 처음에는 지효 머리 보고 무슨일 있나 생각한적은 있음 그래도 송지효 얼굴이 잘생겼으니까 넘어가도 될것 같은데....그치만 코디 좀 제발 잘 해주세요 제발..... 지효 코디 볼때마다 매번 얼굴로 커버치려는건지라는 생각 든적도 있움...도저히 코디를 못하겠다 싶음 소민이 코디담당에게 물어봐줬으면... 다 괜찮은데 코디만 조금만 신경 써주세요ㅜㅜ,ㅇㅇ,5일 전,248
Song Jihyo is now officially the most handsome member of Running Man hehehehehe,Gautami Peddinti,5일 전,59
이 정도면 석삼씨 스타일리스트가 실은 런닝맨 제작진팀이라는게 학계의 정설 ㅋㅋ 이렇게 분량을 뽑아주시다니,빈님,4일 전,34
송죠 숏컷보고 솔직히 회사가 문제인가 하고 봤더니 그건 아님 소속연예인중에 혜리랑 김원희도 있는데 두 분은 헤메코 완벽함 그냥 담당 헤메코가 문제인거임,입술색노랑,5일 전,100
Jihyo is really cute 🤩🤩🤩She’s look so much younger with this short hair.,Harry Potter,5일 전,42
석진이형님은 코디가 자기를 갖고노는걸 이미 느끼고 있으실듯 ㅋ,oo m,4일 전,8
Seokjin always dress up funnily..is that part of his character in RM? Or just his stylist that has unique choices? Haha,Yenny L.,2일 전,0
스타일리스트들 모아서 가림막하고 솔직한 마음 한번 들어보고싶어영 ㅋㅋ,이지금,5일 전,20
"아니 진짜 지효언니 머리,,,,, 내가 자른 것도 아닌데 내가 다 열받음; 예쁜 숏컷도 얼마나 많은데 어떻게 저렇게 잘라놨냐...... 지효언니가 유튜브 보고 직접 잘라도 저것보단 나을 거 같네 진심",김보민,5일 전(수정됨),95
15:51 평소에 비슷한 말 얼마나 많이 했으면 하하 형이 질색하는 표정이 나오냐고ㅋㅋㅋㅋㅋㄱ거기다가 세찬님이 형 가수 아니예요?본업이 트레이너예요?하는게 개웃김ㅋㅋㅋ,룰그레이드,5일 전(수정됨),146
2:24 2:24 오빠들이 뭐라하면 그러든지 말든지 이러는데 언니가 뭐라 할 때마다 숨는거 너무 ㄱㅇㅇㅋㅋㅋㅋㅋㅋㅋㅋㅋㅋㅋㅋㅋㅋㅋㅋㅋㅋㅋㅋㅋㅋㅋㅋㅋㅋㅋㅋㅋㅋ,경진,5일 전,434
"사람이 잘해주면 고마운 줄 알아야하는데.. 송지효 헤메코 담당자들은.. 송지효가 정때문에 오래 같이 일했다는 이유로 일 계속주니 그냥 다들 일 대충하는 듯. 대충해도 안짤리니깐.. 헤메코 일 다 개못하고, 송지효 피부 컬러톤도 하나도 안맞추고 안어울리는 것만 골라서 입히고 화장하고 머리해줌.. 난 이사단 나기전에 송지효 돈아끼고 일부러 몸 내던지는거 보여주려고 하나도 안꾸미고 화장 안하고 나오는 건줄 암..",jemma yang,5일 전,18
4:46 개인적으로 소민님 스타일이 너무 이쁜거 같아요 ㅋㅋㅋㅋ,김민수,5일 전,76
Jaesuk's outfit never fails,Michelle Alicia,4일 전,3
진심 지효누나 헤메코는 숨만쉬나..? 너무한거 아니냐..,솔솔씨,5일 전,52
"Song ji hyo looks so young with that new hairstyle and of course, she is super cute!!!!",Nattaya Teeraprapa,5일 전,21
"지효언니 보고 두 눈을 의심했다 진짜,,",은댕,5일 전,68
어제 방송보고 너무 속상했음 쥐파먹은 앞머리부터 가발 붙인것같은 구렛나루에 정리도 안되어있는 뒷머리.... 저거 보고 헤어 담당하는 사람은 문제 못느끼나...? 지효 언니도 계속 머리 신경쓰이는것 같던데...숏컷을 하든 삭발을 하든 응원하는데 내가 잘라도 저것보단 잘 자를 것 같은 머리는 너무 속상해ㅜ서로 아끼니까 오랜시간 같이한거겠지만.... 나였음 10년 넘게 함께한 사람 있는거 없는거 다 끌어모아서 최대한 빛나게 해줄려고 노력할텐데.....유재석 소민언니 스타일팀이 하는것까지는 안바라니까 이번 기회에 제발 변화가 있었음 좋겠어요ㅜ,kakao,5일 전(수정됨),45
아 개웃겨 진짜ㅋㅋㅋㅋㅋㅋ 어제 회차 보고 와서 또 클립 보기 개행복해,하하하하하,5일 전,3
"Song Jihyo's new hairstyle awakened the bisexual in me. Fr tho, it really suits her!!!",butterfly,1일 전,0
스타일리스트 선생님 지효 언니를 사랑한다면 부디 떠나줘요 😭 서로를 위해 .. 실력있는 선생님이시겠지만 지효언니 스타일이랑 안맞으시는 듯 🥲🥲🥲,아수쿠림,5일 전,280
"진짜 재석님 말대로 석진이형 지적당할때마다 하는말이 ""너넨 패션을 모르냐"" 이거 원툴이긴하네... 형 애드립 무지하게 약하구나",모당벌레,5일 전,44
지석진형 스타일리스트 ㅋㅋㅋㅋㅋㅋ 너무 웃겨,exo-elfs jaeger,5일 전,95
진짜 확실히 2021 런닝맨은 지석진 활약 엄청난듯 .. 석삼씨한테 대상줘 스브스 ㅠㅠ ..,행복만,3일 전,7
JiSeokJins fashion is something else lmao… New Yorkers definitely don’t walk around wearing diapers 💀 his stylist has a grudge on him for sure LOL,MK4,4일 전,29
Song Ji Hyo is always beautiful 💖,CSNA,5일 전,14
런닝맨패션지적 X지석진패션지적 O코디분이 진짜 열일하시네 ㅎㅎㅎ,Sid Huh,2일 전,1
지석진 송지효 코디는 진짜 꿀알바 ..,오빠,5일 전,18
"그냥 유재석 착장 매번 너무 예뻐,,,,,",janu S_,3일 전,5
4:32 양세찬 머리에 쓴 거 말하기 전까진 진짜 흰머리 가발인 줄 알았네ㅋㅋㅋㅋㅋㅋ,동동,5일 전(수정됨),129
Sukjin hyungwill always be in the spotlight,once in a millionce,1일 전,0
我倒覺得智孝，是因那頭漂白+染髮的紅髮剪掉，要重新再生長，髮質才會好。別想太多，不管智孝的髮型服裝造型如何，她都是最美最帥的 👍,佩玲,4일 전,7
지효언니 저런스타일의 숏컷이 필요했어도 컷팅 능력에 따라 느낌이 확확 다르다는거 알거임.. 근데 저건 마치 실력없이 노른자땅 버프받은 헤어샵에서나 자를거 같아..,도고,3일 전,6
ㅋㅋㅋㅋ 지석진 퍼렐 윌리엄스 ㅋㅋㅋㅋㅋㅋㅋㅋㅋ 진짜 코디가 이젠 옷부터 먹고 들어가게 해서 좋음 ㅋㅋㅋ,ᄇᄀᄌ,5일 전,16
기사 사진부터 불안불안했는데 지효언니 머리 누가 자른진 몰라도 진짜 얼굴이 살린줄 알아라ㅠ 저게 뭐야 내가 다 속상해 차라리 성별 반전 어플써서 방송에 보여줬을때처럼 쉼표머리로 앞머리를 까던가..... 진짜 언니가 귀여워서 참는다ㅠ,김화성,5일 전,486
지석진 오빠 스타일리스트가 지효언니 스타일리스트보다 나은것 같아요…ㅠㅠㅠㅠㅠㅠ소민언니 오프닝때 컨셉 맞게 진짜 이쁜데ㅠㅠ 울 지효언니도 제발 이쁘게 해주세요ㅠㅠㅠㅠ,늦깎이엔조잉,4일 전,7
와 진짜 웃고 집중하고 그런데 어느덧 마지막 게임... 솔직히 요즘 예능 1시간 이상 되는 것들 꽤 있는데.. 그런데 런닝맨은 1시간 30분.... 그냥 처음부터 끝까지 계속 웃고 집중된다 이거밖에 볼께 없어요 화이팅입니다!!!,JM K,5일 전,32
석진이형의 성인용 기저귀 모델 데뷔를 기원 합니다♡♡ㅋㅋ,정동영,5일 전,40
지효누나 숏컷하니 되게 잘생겼네... 형이라도 불러도 되는건가..,보겸Av배우,5일 전,5
No matter what kind of hairstyle or clothes Jihyo wear she always looks stunning.,Angelica Canubida,4일 전,3
지효님은..머리가 짧건 길건 앞머리가 없는 게 더 이쁜 이마를 부각시켜..보기좋음.,민정 김,4일 전,5
진짜 저 머리 미용실에서 숏컷이라고 저렇게 자르면 욕먹임 ㅋㅋ 아니 하다못해 저번에 앞머리 자른 거만 봐도 알 수 있는 거 아님? 지효언니도 별로 안 자르고 싶어했는데 잘라놓고선 고데기도 안 하고 길이도 듬성듬성 잘랐잖아 ㅋㅋ 집에서 걍 잘라도 그거보단 나음 ㅋㅋ 하다못해 기본적인 고데기도 안 하고 나와서 기겁했는데 이번 숏컷보고는 걍 할 말을 잃었음진짜 오래된 관계라 못 바꾸는 거 이해하는데 본인이 다른 광고나 cf 촬영한 거 사진 보면 진짜 개이쁨.... 굳이 돈 대주면서 본인을 더 저하시키게 스타일링하는 헤메코랑 같이 다니는 건 이제는 좀 다시 고려해봐야하지 않을까싶음 ㅋㅋ.... 저 머리 구렛나루 보셈 기겁함 ㅋㅋ 기안84 투구머리 구렛나루보다 심함 ㅋㅋ,쩝쩝박사,5일 전,341
언니 처음 인스타에 숏컷 한 사진 올라왔을 때에도 쥐파먹은 머리라 깜놀했지만 다듬기전에 찍은 줄 알았지… 진짜 그 머리로 스케줄 소화할거라고는 상상도 못했다;; 저 구레나룻이랑 앞머리 어떡해 진짜ㅋㅋㅋㅋㅋㅋㅋ 숏컷이 문제가 아니라 커팅이 문제라고요ㅠㅠㅠㅠ 제발 깔끔하게 다듬어주세요ㅠㅠㅠㅠ,꿈빗,5일 전(수정됨),66
"송지효님 머리 잘라놓은 사람 누구냐 ,, 내가 핑킹가위로 잘라도 저거보단 잘 자르겠다ㅡㅡ 얼굴이 살린거에 감사해라🤦‍♀️🤦‍♀️🤦‍♀️",최주희,5일 전(수정됨),124
진짜 지석진님은 멤버분들 장난 다 받아주신다ㅜㅜㅜㅜㅜ,서예린,5일 전,50
진짜 송지효 코디 안티 아냐? ㅋㅋㅋㅋㅋㅋㅋㅋㅋㅋㅋㅋ금보라 선생님이랑 미러급 ㅋㅋㅋㅋㅋㅋㅋㅋㅋㅋㅋㅋㅋㅋㅋㅋㅋㅋㅋㅋㅋㅋㅋㅋㅋㅋㅋㅋㅋㅋㅋㅋㅋㅋㅋ,Htgf Yu,5일 전,55
이번주에 언니 머리 왜짤랐는지 말해주는줄..ㅠㅠ 언니 한번도 고냥 스타일 변한적 없자나여.. 무슨 작품하는지 언질만이라도…ㅠㅠㅠㅠㅠ,지호,5일 전,283
스타일리스트 덕분에 고정 분량 5분 확보 ㄷㄷ,갓피셜,4일 전,5
다른 사람들 코디는 엄청 놀리는데 송지효님 헤어는 뭔가 이상해서 오히려 포장하는게 웃기네 ㅋㅋ,ㄴ,3일 전,3
근데 지효언니 진짜 얼굴이 엄청 이쁘시구나.. 개그맨들이 웃기려고 쓰는 가발인줄. 저런머리 하고도 예쁘네. 얼굴승리,grace kho,4일 전,18
전소민이랑 송지효 서로 보는데 눈에 꿀이 떨어지네 ㅋㅋㅋㅋ 너무 좋아 둘다 ㅠㅠ자매같아,ㅇㅇ,4일 전,18
"송지효님 그냥,,동네 미용실에 가셔서 다시 머리카락을 다듬으시는게 좋을것같아요,,예쁘고 아름다우신 송지효배우님을,..물론 지금 그 스타일도 얼굴이 멱살잡고 끌고가고있는데,,이쁘신데,,잘생기셨는데,,이건 진짜 헤메코 담당자분께서 선 넘었지 고소감인데,,,다른 드라마 영화를 어떻게 촬영해요? 캐스팅도 스타일때문에 안들어올듯,,싶은데,,진짜",ᆢ ㆍ,5일 전,101
Someone give Ji Seok Jin's stylist a raise,Cyp,3일 전,0
지효누나 외모 장난아니다 ㅋㅋ,섭섭,5일 전,31
지효언니 제발 헤어 해주시는 분이랑 작별좀ㅠㅠ 예전에 비천무 앞머리때도 빡쳤는데..하.. 더한게 나왔네,ChoOH,5일 전(수정됨),11
Jihyo unnie looking so beautiful in short hair ❤️❤️,Mansha Chhantyal,3일 전,3
재석님 진짜 코디 너무 이쁘다 ㅠㅠ,박지영,5일 전,8
00:46 마취로도 멈추지 못한 뾰족구두의 스텝이랰ㅋㅋㅋㅋㅋㅋㅋㅋ자막 진짜 미쳐ㅠㅠ,수아,5일 전(수정됨),53
Song JiHyo with short hair fresh and cute.  💞,SpartAce Fans,3일 전,5
13:56유느님 장난꾸러기 춤 표정이랑 찰떡 ㅋㅋㅋㅋㅋㅋㅋㅋㅋㅋㅋㅋ,DS,5일 전(수정됨),216
소신발언)지효누나 뭘해도 이쁘지만 저건 아님 ㅋㅋㅋㅋ,천호,5일 전,90
이렇게 맨날 점심시간에 올려줘서 너무 좋다 밥 먹으면서 보기 딱좋음!,Ha-hah,5일 전,5
♥️thanx for the sub..🥰👍Ji Hyo short hair even make her beautiful ♥️,Valdini Pangemanan,3일 전(수정됨),3
"근데 다른건 다 참아도 지효언니는 진심 헤메코 좀 바꾸면 좋겠다...  더 꾸미는거 보다 좀 무난한 스타일 좀 해주지,,,",Honey bee,5일 전(수정됨),36
예능계 최고의 오프닝 = 런닝맨 패션 공격기 ㅋㅋㅋㅋㅋ,이환 Ridwan,3일 전,4
06:20 브금부터 자막까지 갓벽이다 진짜ㅋㅋㅋㅋㅋㅋㅋㅋㅋㅋㅋㅋ,belug 03,5일 전,37
Grabii ang ganda ni Jihyo.,Mary Joy Paalan,4일 전,3
지효님 스타일리스트 내가 하고싶다 진짜…🥺🥺,ㅇㅇ,5일 전,38
Song Ji Hyo so cute 🥰🥰,Merryanna Lukiam,4일 전,3
송지효 헤어 담당은 저러고 돈을 받아간단말임?? 송지효한테 돈을 내도 모자랄 마당에..거짓말 안하고 어디 벌칙 가발같자나 ㅠㅠ 송지효가 잘못한게 있다면 저딴 머리도 커버하는 완벽한 이목구비뿐..,며늘아,5일 전,77
역시 패피 지석진송지효는 뭘해도 예쁘네,싱싱고래v,4일 전(수정됨),9
지효언니 넘 안타깝다ㅠ 저 이쁜얼굴을 저렇게 못살리나ㅠ  소속사 댓글 안보나봄 ...,om s,5일 전,11
ㅋㅋㅋㅋㅋㅋㅋㅋ진짜 왕코형님 이번에 큰 상 하나 기대해봅니다ㅜㅠㅜㅜㅜㅠㅠㅠ,한소희,5일 전,6
ㅋㅋㅋㅋㅋ진짜 어찌 다 석삼이형이얔ㅋㅋㅋㅋ미치겠네 ㅋㅋㅋ,뿌뿌쀼쀼,5일 전,3
We need Kim Jong Kook nagging rm members compilations 😂,"Israel, Anicah Quemar",4일 전,1
2:10 고은찬 ㅋㅋㅋㅋㅋ 진짜 커프 생각난다 지효누나 미모 미쳤....,여디디야,5일 전,36
지효는 예쁘지만 옷과헤어 스타일리스트 바꿔야지,u100me,5일 전,11
지효님은 진짜 얼굴이 다하는거지...담당 패디 진짜 뭐하는거야 안티야...?,선녀가 나묶음,5일 전(수정됨),28
근데 송지효님은 앞머리 막 예쁘게 자른것같진 않은데 왜 매력있고 예뻐보이지,codbs tls,3일 전,4
이정도면 지석진님 디자이너분이 그냥 패션 희생하시고 예능의 한  요소로 넣어주신게 아닐까 의심된다..,몰라,5일 전(수정됨),11
이정도면 지효씨 소속사는 시청자들한테 시말서 제출하세요. 아님 꾸미면 너무 예뻐져서 안 꾸미는 거예요?,허영준,2일 전,3
따끈따끈한 영상이다!!!런닝맨만 보면 시간 순삭임,καλοκαίρι,5일 전,3
ㅋㅋㅋㅋㅋㅋㅋㅋㅋㅋㅋㅋㅋㅋㅋㅋㅋㅋㅋㅋㅋㅋㅋㅋㅋㅋㅋㅋㅋㅋㅋ 지석진 진짜 웃기네패션쪽으론 분량 젤 많이 뽑는듯,K David,3일 전,4
Jihyo very gorgeous in short hair❤️,snow ball,5일 전,4
지효언니가 꿈에나와서 런닝맨겜으로 겁나 웃음줬는데 일어나서도 웃겼음 ㅋㅋ광수도나오고ㅋㅋ,시엘_,3일 전,1
영상 제목은 패션 지적인데 내용은 그냥 석진이형 가지고 놀기 ㅋㅋㅋ,Michael KIm,3일 전,4
지석진 지분율 ㅋㅋㅋㅋㅋㅋㅋㅋㅋㅋㅋ 개웃걐ㅋㅋㅋㅋㅋㅋㅋ,입술색노랑,5일 전,27
진짜 스타일리스트분들이랑 진실게임 같은거나 하면 존잼이겠다 ㅋㅋㅋㅋ,rr p,4일 전(수정됨),2
언니는 트레이닝복에 포니테일만 해도흰티에 청바지만 입어도 예쁜데...짐종국채널에 잠깐나올때 뿌까머리 귀여웠다런닝맨 컨셉도 많은데 맞춰서 입혀주고헤어도  예쁘게해주라 열일좀해라 스탭들아,K,5일 전(수정됨),6
왕코형 코디는 그냥 가게에서 제일 웃긴 옷을 선택할듯 ㅋㅋㅋ,Nana Na,5일 전,8
지금 보니까 자막도 너무 재밌네요 ㅋㅋㅋㅋㅋㅋㄱㅋㅋ,아웅,5일 전,2
ㅋㅋㅋㅋ 왜이리 웃겨역시 런닝맨 멤버들 🤭런닝맨 감독님들 어떻게 저렇게 신기한 아이디어가!!!!!😱지석진오빠(부르긴좀그런가)지석진오빠 너무 웃곀 ㅋㅋ,mincho,5일 전,3
소민언니 코디가 한 번만이라도 지효언니 코디해주면 안돼??ㅋㅋㅋㅋ,공백,2일 전(수정됨),4
5:40 그냥 말도 안 하고 고개만 갸웃하는 게 더 놀리는 것 같아 개웃겨ㅋㅋㅋㅋㅋㅋㅋㅋㅋㅋㅋㅋㅋㅋㅋ,X S,4일 전,1
지석진 비중 미쳤네 ㅋㅋㅋㅋ,정보꾼,3일 전,1
Running man members being protective over Jihyo and Somin please,FishCakes🐟,5일 전,18
숏컷이 문제인게 아니라 동네미용실에서도 안자르는 스타일로 이상하게 만든게...동네 미용실가서 숏컷한다하면 투블럭해주는데..,유스캐,4일 전,9
전소민씨 입은 스타일들이 다 좋아요! 👍,Aidara Aisha,5일 전(수정됨),19
우왕!! 재석님 패션 너무 귀여워요!!😆😆💕 2021년 12월 3일 금요일!,김다은,1일 전,1
런닝맨 이제 겨울 기념으로 스케이트 타면 좋겠다...,이가람,5일 전,2
인트로에 유재석 신난 꾸러기 표정 진짜 ㅋㅋㅋㅋㅋ,최재혁,5일 전,2
지석진님 스타일리스트는 하고싶은걸 다 해보시는구나,해양생명공학,5일 전,1
또 윤은혜 ㅋㅋㅋㅋ이젠 소민언니까지 합세한거야?ㅋㅋㅋ 너무 좋아,퀸은빈,3일 전,2
보니까 왜 송지효님 팬 분들이 성명서 냈는지 알 거 같음 ㅋㅋㅋㅋ,ㅇㅇ,3일 전,3
2:01 내가 저기를 어디서 봤나 했더니 신서유기에서 규현이 휴대폰 깨부신 곳이었네 ㅋㅋㅋ,대왕대포,5시간 전(수정됨),1
런닝맨 초창기 버전이 그립네여 ㅠㅠ 그 때처럼 다시 하기 힘들겠지만 기억 속의 추억처럼 떠올리네요,jw j,4일 전,0
난 석진님 스타일보다 석진님이 입고있는 옷들이 실제로 존재한다는게 더 충격적이야…..,카린포,5일 전,5
2:29 소민언니 맨날 종국님한테 혼날 때 지효언니 뒤에 숨었는데 이제는 재석님 뒤에 숨으시네 ㅋㅋㅋㅋ,00,5일 전,40
왠만하면 좋게 넘어가고 그르케생각하는데지효 코디좀바꿔주세요 의리때문에 정때문에 못바꾸는건가ㅠㅠㅠㅠㅠㅠㅜ,소블리,5일 전,8
아 진짜 지효누님 미모가 ㅠㅠ 이뻐,한울,5일 전,8
지효귀엽다 흐흐,허허칠,5일 전,12
"숏컷을 해도,,, 깔끔한 숏컷이 을매나 많은데......",김천순,5일 전,58
숏컷 더 이쁘게 자를수있고 스타일도 다양한데 진짜 왜 저렇게 더벅머리로 잘랐는지 ㅠㅠ 본인만 만족한다면 괜찮지만 너무 속상함,원동준,5일 전(수정됨),41
2:06 소민이 누나 뿌까머리? 너무 귀엽다 ㅠㅠ 지효 누나 머리도 진짜 예쁘고 멋있음 역시 머리 스타일도 외모 영향을 많이 받는듯 ㄹㅇ 그냥 존예니까 어떤 머리 스타일도 잘 어울리는듯,싱환이•10년전,5일 전,51
와  진짜 대단하다그렇게 욕을먹는데도 꿋꿋하네어떻게 저렇게하고 내보낼까????,이노노,5일 전,65
지효 언니 언제나 예뻐용,민채,4일 전(수정됨),2
지효 누나 머리 저렇게 만든 인간 나와서 자수해라,잠원동휴그랜트,5일 전,8
2:22 ㅋㅋㅋㅋㅋㅋㅋㅋㅋ 진짜 2021년 한해 들었던 욕중에 제일 찰지다,구독자 100명,5일 전,32
어우 석진님 공격 연속으로 들어오니 어질어질하네ㅋㅋㅋㅋㅋ,웰이,5일 전,0
나도 코디 있으면 좋겠다 생각했는데 꼭 좋은것만은 아닐지도 ...,ᄋᄋ이,5일 전,7
지효언니 제발 미용실 바꿔주세요....이번에 정점을 찍었읍니다.......미용이랑 1도 관련없는 제가 잘라도 저거보단 잘자를것같아요,김JY,5일 전,26
At least Seokjin's stylist is trying. Unlike Ji-hyo's stylist! 😤 Ji-hyo's pretty face is always doing the job.,Moo Kuro,3일 전,1
지석진 점유율 ㅋㅋㅋㅋㅋㅋㅋㅋㅋㅋㅋㅋㅋㅋㅋ,반워리,5일 전,15
이쯤 되면 지석진 스타일리스트는 월급보다 추가 수당이 더 많다는 게 학계 정설.+지석진 ->분량 챙겨줌.+다른 멤버 스타일리스트  -> 폭탄 담당.+런닝맨 제작진 -> 웃음벨.,YK An,5일 전,9
0:33 보자마자 진심으로 소리 지르는 게 레전드 ㅋㅋ,iknna,4일 전,1
이정도면 지석진님 코디분 작정하신듯 ㅋㅋㅋㅋㅋㅋㅋㅋ,봄꽃피면,5일 전,5
this episode was rly funny!,piece of peace,3일 전,1
"i hope for an eng sub soon pls. thank you! also, jihyo is beautiful and handsome! so gorgeous! ♥️",han known,5일 전,12
갓닝맨💖💖💖💖💖💖💖💖💖💖💖,윤창현,5일 전,5
밥먹을 때 올라오다니 개이득,Reum 2,5일 전,5
전소민 너무 귀엽지않음? 항상 스타일 다양한데 다 잘어울리고 넘 예쁘고 기여움.. 열심히해서 더 매력적이야,Won Yoo,5일 전(수정됨),60
"It's always seokjin , haha or lee kwang Soo 😂😂😂",kimnamjoom wife,3일 전,3
11:08 광수 표정 ㅋㅋㅋㅋㅋㅋㅋㅋㅋㅋ,MJ Kim,3일 전,2
양세찬 머리끝 발끝 깔맞춤 ㅋㅋㅋㅋ,매력덩치,5일 전,1
2:16 이딴식으로 머리카락을 잘라놔도 ㅈㄴ 예쁘네 진짜 송지효 미모 레전드다 하,진짜울리고싶다,1일 전,2
"석삼이 형 요즘 폼 좋다. 중장년의 희망, 대상 한번 가자 ! 👍🏻",Jh Park,4일 전,3
"지효언니 앞머리랑 구렛나루 누가 지나가다 가위로 자르고 도망갔냐고,,,,;;",좋은 닉네임을 못 찾겠어요,5일 전,43
지석진 패션 중간 중간 지나친 게 있긴 한데 ㄹㅇ 괜찮은 것들도 있는데,SH E,5일 전,35
지석진그래도 해달라하면 다해주는 착한형ㅋㅋㅋㅋㅋ,팅팅볼,5일 전,0
송지효씨는 이쁘다 정말 최고다 재석이형은 갈수록 위트가 늘어간다 런닝맨 오래갔으면 좋겠다~,리닝 츄,17시간 전,0
솔직하게 방송 볼때마다 석진이 형님이 옷을 소화 못하는게 눈에 띌 정도... 분명 다른 잘생긴 사람이 입으면 딱봐도 괜찮을 그런 패션을 너무 가져와서 되려 난해하다는 느낌 받게됨 ㅋㅋ;,Las,5일 전,1
지석진 지분 진짴ㅋㅋㅋㅋㅋㅋㅋㅋㅋㅋㅋㅋㅋㅋㅋ,후후,4일 전,1
옛날엔 이광수가 지적 받았는데 이젠 지석진이 지적받넼ㅋㅋㅋ,전전,3일 전,0
지효언니 머리 가발인줄알았는데 레알 저렇게 자른거라고??????????? 죄송한데ㅠㅠㅠ 디자이너선생님 바리깡들고 주무신거가타여ㅠㅠㅠㅠㅠㅠㅠ,우주최강베이비 박건후,5일 전,9
"Song Jihyo bold hair style-  short hair cut.  She Nailed it😍😍😍She still look gorgeous & handsome. It's reminded me the movie she starred called "" Some ( 2004 )",Rose Cherry,5일 전(수정됨),2
"우리 재석이 아저씨 ""~미친거 아니야~?"" 모음집도 해주세요!!!",박승현,5일 전,3
Omo Jihyo she's so beautiful I can't help but focus on her🤍🤍🤍,Iyan Indriany,5일 전(수정됨),1
2:07 나 그생각 했다 지효언니가 드디어 종국오빠의 마음을 사기로 한거야 커피프린스 윤은혜언니!2:21 데미무어 누나 보고 자른거 아니니?아니야 커피프린스의 윤은혜언니!!2:25 결국 강림하고 마는 불량지효뭔 개소리야 조용히해!!2:35 야 너 거의 맞을뻔 했어ㅋㅋㅋㅋㅋㅋ2:37 근데 지효가 머리를 자르고 나서 우리 멤버들중에서 제일 잘생겨졌어2:52 내가 그런얘기를 했어요 지효같은 스타일이 머리를 잘라도 영향을 안받아 근데 여기중에 머리빨로 있는 사람들이 꽤 있어요15:42 남친이 트레이너일수도 있는데하지만 김종국 당신은 가수잖아......,낭군,5일 전,80
너무 얼굴만 믿고 헤메코를 이상하게 해서 내보내는거 진짜 싫다... 본인이 원한 숏컷이라면 누가 뭐라해 할수도 있다고 생각하고 넘겼을텐데 코디는 왜 자꾸 변하질 않는지... 시청자들이 코디관련해서 말을 계속 얹고있는데 조금만 신경써주면 안되나...도저히 어렵다 싶으면 소민이 코디 담당분한테 조금만 정보 얻어가면서 할수도 있는데. 암만 얼굴이 모든걸 소화해낸다지만 코디는 진짜 바꿔주세요....ㅜㅜ,난아저씨가좋은데,5일 전,30
숏컷하든 말든 지효누나 마음이지만이왕 자를거 이쁘게 자르지 흠..난 벌칙 가발인줄 알았어 그 밸런스게임할때 썼던 그런가발11:25 여기에 앞머리만 생긴거잖아ㅜ,킹갓케니좌,5일 전(수정됨),39
아니 9시간 전에 올라왔는데 43만회라니...클라쓰,봄꽃피면,5일 전,5
5:44 자꾸 앉으려고만 하는 기저귀 신샄ㅋㅋㅋㅋㅋ여기에 양세찬 의자 치우기까짘ㅋㅋㅋㅋㅋㅋ허우적ㅋㅋㅋㅋ,있잖아,5일 전,61
보면 몰라? 재석오빠 강타자나 !! ㅋㅋ 캔디의 강타!! ㅋㅋㅋㅋㅋㅋㅋㅋㅋㅋㅋ,미치썸,5일 전,2
지효님 머리 넘 잘어울려요 ㅠ!!,아라미루,5일 전,3
Jihyo oppa ❤️❤️❤️❤️❤️,Iyan Indriany,5일 전,1
20분 중에 거의 절반이 지석삼의 패션지적ㅋㅋㅋㅋㅋㅋㅋ,Deadpool Wade,3일 전,0
"i am with my friend always do this. we call it "" tackle "" talk hahaha",D'Lapo Gaming,2일 전,1
아니 진짜 지효언니 담당 스탭들 일 너무 못함 외모를 다죽여 진짜 노양심🤦‍♀️ 친하면 더 잘꾸며주고 자기 실력이 없음 발전이라도 시켜야지,LM,5일 전,34
전소민 유재석 스타일리스트가 옷을 잘입히고 하하는 본인이 센스있게 입는거 같음,25 hdh,4일 전,5
은구두 개웃기네ㅋㅋㅋㅋㅋㅋ,Blk,5일 전,2
지효님 숏컷하니까 옛날 ttl광고 심은경님 생각나네요!,오쉐프의 식도락 여행Ohchefsfood,5일 전,3
유재석 - 3.5코어 딜러양세찬 하하 전소민 - 1.5코어 서포터지석진 - 풀템 개씹하드탱커,찬이,5일 전,1
I dont know why fans hate on Song Jihyo fashion style and put a hate on Jihyo's coordi. i thought Jihyo already said that she will never put on highly fashion that can outshine the RM guest. She already knows that she beautiful so chill down haters. Just enjoy the show,Midracle,2일 전,0
"지효언니 샵 이든 스타일리스트분들이든.샵을 십여년째 같은곳 다니신다고 알고있는데 그렇게 오래 같이 일하시면서 연예인 얼굴의 매력을 최대로 끌어올리는게 아니라 고의로 망친다는 생각이되고, 이건 그 샵 커리어에도 도움이 안되지만 그건 둘째고 지효언니를 시기질투하는건지 아니면 혹시 특정 성향이 있는분인데 그걸 지효언니한테 투영시키는건지 의심마저 듭니다.",와아대다내우,4일 전(수정됨),7
종국이형 지효누나 보고 귀여워 죽네 죽어☺️,뭔 말 인지 알지,5일 전,6
광수 없는 회차 볼 때마다 광수 보고싶다는 생각이 든다ㅠㅠ,정영훈,5일 전,34
드디어 나왔다 런닝맨패션지적4,안승빈,5일 전,1
ㅋㅋㅋㅋㅋㅋㅋㅋㅋㅋ 우리 석진이형 패션만 보면 회춘을 넘어 불로장생할 것 같음,J J.,4일 전,4
Song Ji Hyo 😍😍😍😍😍😍😍❤❤❤❤❤,Q Bee,5일 전,0
패션지적에 있어서는 타에추종을 불허한다 진짜 런닝맨은 패션에 있어서는 참 박하네요 ㅋㅋㅋㅋㅋㅋㅋ광수형님 하차하고나서는 과연 패션 지적할까생각했었는데 역시 패션지적은 계속되는구만요 ㅋㅋㅋㅋㅋ석진옹이 광수형님 뒤를이어서 패션 지적당하는 캐릭터를 맡으셔서 아주 재밌어졌죠석진옹 옷 입는거 보면 아주 시청자들 웃길라고 작정한거 같더군요 피콜로룩 기저귀룩 등산룩기타 다른 옷입고 나오는거 보면 본인은 정상이라는데 잘보면 어느 하나가 비정상적으로 보일때가 있죠멤버들도 각자 본인이 멋잇다고 하지만 서로 지적하면서 내가더 멋잇다고하는게 킬포죠 ㅋㅋㅋㅋㅋㅋㅋ기다리는 모음집욕 모음싸다구 모음보필피디 3탄양세찬 잇몸만개 모음양세찬 콩트 모음양세찬 전소민 케미 모음8탄전소민 19금 모음전소민 애교 모음전소민 눕방 모음담지효 모음 2탄하하 과몰입 모음유느님 장꾸 모음유느님 가만 안있냐 모음석진옹 룰알못 모음석진옹 전소민 케미 모음김종국 꼬라지 모음김종국 위협멘트 모음김종국 스파르타 모음성대모사 모음삼행시 모음무한도전 언급 모음윤은혜 언급 모음멤버들 댄스 모음,마충택,5일 전,9
석진옹 코디는 특이하게 입히는 느낌지효언니는 코디가 없는 느낌,DECEMBER FOURTH,2일 전,3
하하랑 전소민이 옷은 진짜 잘입는듯,카타리나는 선내셔,5일 전,22
Please do the PENALTY COLLECTION . It'd be funny :),kimnamjoom wife,3일 전,2
중세 유럽 하인룩 ㅋㅋㅋㅋㅋㅋㅋㅋㅋㅋㅋㅋㅋㅋ 미쳤닼ㅋㅋㅋㅋ,베이스훈쌤,4일 전,2
Jihyo unnie always beautifull🥰,Ulin Nabila,4일 전,2
9:15 부터 석삼이형 도대체 몇명이랑 싸우는거얔ㅋㅋㅋㅋㅋㅋㅋㅋㅋㅋ,김김,5일 전,11
근데 송지효여서 그나마 괜찮아보이지 딴사람이 했으면 개별로였을거같은데ㅋㅋㅋㅋ 원래머리가 더 이뻐보임,준,5일 전,32
송지효씨 헤어가............정말 런닝맨 편집팀에서 CG처리한줄......정말 놀랬습니다워드작업하다 블루스크린뜬것처럼마치 고등학교 두발단속에 걸려가위로 랜덤하게 잘라놓은듯한,a.k.a Coffeeholic,5일 전,16
13:54 갑자기 귀여운 유재석.... 유장꾸 유깐돌 너무 ㄱㅇㅇ...15:42 갑자기 화내는 김종국.... 김종국 본인 직업은 가수입니다...,중년아저씨는위대하다,5일 전,42
지석진님 진짜 다 패션을 너무 모르네로 받아치시네 ㅋㅋㅋ,와아우,5일 전,0
스타일지적으로 분량이 얼마나 나오는거야 ㅋㅋㅋㅋㅋㅋㅋㅋㅋㅋㅋㅋㅋㅋㅋㅋㅋㅋㅋㅋㅋㅋㅋ,우기,4일 전,3
석진 형님 패션이 2~30년 앞선 패션같네 ㅋㅋㅋㅋ,Char Sub,4일 전,3
bopil do another doppelganger race so we can see how much jihyo looks like nucksal now!!,Mitzi Delima,4일 전,0
이젠 런닝맨 오프닝에 패션지적 없으면 이상할 따름 ㅋㅋ ㅋ ㅋ ㅋㅋㅋㅋ,빈,5일 전,4
15:40 트레이너 남친은 다 이렇게 입는다고 말하는 본인의 직업은 가수...,난아저씨가좋은데,5일 전,22
석진옹은 ㅋㅋㅋㅋ 지디보고 오 이쁘다 하고 입혔는데 지석진ㅋㅋㅋㅋㅋㅋ,Sunha Park,2일 전,0
패알못인데 석진이형 스타일리스트는 과하게 트렌디하거나 자기가 해보고 싶은 패션 석진이형한테 테스트 하는거 같음 ㅋㅋ 석진이형 분량도 오지게 나오니 윈윈전략 아닐까,Delpi,5일 전(수정됨),1
"패션도 좋고,노래도 잘부르고못하는게 뭐지?",임레프,5일 전,0
지석진분량 스타일리스트지분 90%,소리과자,4일 전,3
런닝맨은 12년이 지났는데 짤만 나오 인기영상에 계속 탑순위로 뜨네ㄷㄷ,구르미,4일 전,3
지석진님 레이스 소매 진심 귀엽다고 생각하는데 스타일 나만 마음에 들었나,치킨텐더,5일 전,2
지효언니 헤메코 스텝들 다 안티인 수준같음... ㄹㅇ 아무 여고에 그냥 언니 앉혀두면 애들이 지금 스텝들보다 훨씬 예쁘게 꾸밀거같음ㅠ 제발 샵부터 헤메코 싹다 바꿔...,맹숭,5일 전,20
2호선 노선도 니트 너무 웃기넼ㅋㅋㅋㅋ,Noth,5일 전,0
그래도 송지효 존예..,L,4일 전,2
지효 예쁘다~,김waho,3일 전,1
너무너무귀여우신 유느님 13:56💓,Lilsoul,5일 전,0
송지효님 왜이리잘생긴거야 짧은머리진짜잘어울린다,풍경,5일 전,3
지효누나 머리 긴게 더 이쁘지만 숏컷도 이쁘누…,루랑,5일 전,4
어제 방송에 송지효=금보라 빵터짐 ㅋㅋㅋㅋ,백호헬퍼,5일 전,8
지효님 머리 짧게 자르시니까 남동생분이랑 더 닮으셨닼ㅋㅋㅋㅋㅋㅋㅋㅋㅋㅋ,김민기,5일 전,3
So in is so pretty 😍,The_Gyem,5일 전,0
세상에 지효언니는 진짜 이쁘고 잘생기고 잘생쁨 오지시네요 역시 옷은 잘못이없네요 얼굴이 중요하지 ㅎㅎ,Young&Wild영앤와일드,4일 전,2
아니 숏컷하는 거 자체는 아무 상관 없는데... 앞머리도 그렇고 기장이 전체적으로 너무 어정쩡한 것 같음...ㅠㅠ 지효 언니 얼굴이니까 그나마 소화된거지...진짜 스타일링 해주는 코디 바꿔야 되는 거 아닌가... 내가 코디라면 뭐든 소화하는 지효 언니 미모 때문에 더 이쁜 거 이것저것 신나게 입힐 것 같은데..ㅠㅠ,에린지움,5일 전(수정됨),7
옛날에 했던 단발머리는 진짜 예뻤는데...무슨 일본 중딩처럼 깎았네 ㄷㄷ,권익현,5일 전,4
아니ㅠㅋㅋㅋㅋㅋㅋㅋ 패션지적 모음집인데 이건뭐ㅋㅋㅋㅋㅋ그냥 지석진 딜 모음집이넼ㅋㅋㅋㅋㅋㅋㅋㅋㅋㅋㅋㅋ,햎피마카롱,5일 전,1
"소미니 춤 모음2 보고 싶어요 ㅋㅋㅋㅋ 주민센터에서 배워온 한국무용, 개그우먼들만 한다는 물 뿌리기 댄스 등등..",또또,5일 전,7
패션 지적을 얼마나 했으면 벌써 4편이야 ㅋㅋ,푸르른하늘,5일 전,1
진짜 이광수 나가고 나서부터 전소민이 여자광수라는 느낌이 확 온다ㅋㅋㅋㅋㅋㅋㅋㅋㅋㅋㅋㅋㅋㅋㅋ,사랑이 먼데이 튜스데이,5일 전,5
송지효 이기적으로 이쁘네,어나더레블,4일 전,3
송지효 코디랑 샾은 제발 당장 바꿨으면..,JeongMin Park,5일 전,4
01:30 헤이마마 추시는 지석진님 ㅋㅋㅋ,주혜인,5일 전,1
스타일리스트 솔직히 말해라 지효 싫어하지? 예쁜 숏컷도 많은데 왜저렇게 잘라놓은거지?,넹넹,5일 전,9
얼굴때문에 패션지적을 가장 많이 받는 지석진 아죠씨 ㅜㅜ,SAYU DAN,3일 전,0
그래도 사진으로 송지효님 머리보는 것보단 영상으로 보니까 귀엽네 나름 다행이심 ㅜ,엄척홍,5일 전,9
지석진 지분 가웃견ㅌㅋㅋㅌㅋㅌㅌㅋㅌㅌㅌ,몽몽이,5일 전,1
이정도면 지석진 패션지적 아닌가욬ㅋㅋㅋㅋㅋㅋㅋㅋㅋㅋㅋㅋ죄다 한 명만 패는뎈ㅋㅋㅋㅋ,신유림,5일 전,1
그냥 지석진 놀리는 유재석.zip 아니냐 ㅋㅋㅋㅋㅋㅋㅋㅋㅋㅋㅋㅋㅋ,진성 박,5일 전,2
송지효 머리가 밸런스게임 할 때 벌칙으로 썼던 임재범 가발 수준이네ㅋㅋㅋㅋㅋㅋㅋ 전소민이 말한 대로 커프 윤은혜 같은 머리로 잘랐으면 훨씬 좋았을텐데.. 셀프로 잘랐나 싶을 정도임,메시 기모.,5일 전,6
4:39 양세찬님...미모와 지석진님 모자는... 정말...말을.....,lisa lee,5일 전,2
어렸을때 검정색 리복 농구화 신었을때 생각나네요. ㅎㅎㅎ 엄청 놀림 받았었는데 ㅋㅋㅋ 파숀은 도전입니다.ㅎㅎ,박현준,5일 전(수정됨),0
Ji-hyo!!! You're so Handsome / Pretty!!!,Carl Kim,4일 전,2
자막 하나하나 너무 웃김 곱씹고 보면 더 웃김,할미,5일 전,2
Can you put English subtitles for this also please,Reuben Dsouza,5일 전,0
송지효 욕하는거 ㄹㅇ 찐인거 같은뎈ㅋㅋㅋ,이성훈,5일 전,11
석진이형 쁘걸 나왔을때 피콜로룩도 웃겼는데 ㅋㅋㅋ,비오는하늘,5일 전,3
2:12 전소민ㅋㅋㅋㅋㅋㅋㅋㅋㅋㅋ고은찬이랑 한결이랑 섞어서 말함ㅋㅋㅋㅋ고은결ㅋㅋㅋㅋㅋㅋㅋ,있잖아,2일 전,1
4:55 와 줄리아나.. 진짜오랜만에 들어보는...ㅋㅋㅋㅋㅋㅋㅋㅋ,LIMMADE TV,5일 전,1
역시 ㅋㅋㅋㅋ 런닝멘 짱,hermionegranger _,4일 전,2
지석진코디 분은 한번 보고싶다 ㅋㅋ,영혼,3일 전,2
"솔직히 얼굴이 저 정도로 열일하니까 커버 가능한거지 헤어, 스타일 몇 년 전부터 말 많았다이번에 저 숏컷은 본인이 하기 싫다고 인스타에 올리기까지 한거고팬들이 이번에 기사니 뭐니 좀 더 크게 이슈되길 바라는 이유가 성향상 본인이 말 못 하니 회사가 나서주길 바라는거다저것도 저거고 90년대 을지로 때도 혼자 60~70년대 스타일로 만들어 놨고..그냥 기본만 해도 충분한걸 스타일리스트라는 명목하에 연예인이 돋보이는 것보다 지가 그냥 맘대로 하는거 이제 그만 보고 싶다",Bm K,5일 전(수정됨),9
ㅋㅋㅋㅋㅋㅋㅋㅋㅋ역시 의상 지적이 재밌음,피츄,5일 전,0
송지효 스타일리스트는 반성해라...,hun chul jung,5일 전,19
멤버들 버럭하는 거 시리즈 내주세여어어ㅠㅠㅠㅠㅠ,zzz H,5일 전,1
JIHYO IS SO BEAUTIFUL. OUR QUEEN,Thanh Trúc Nguyễn Phan,4일 전,2
Can someone reply to this when the English subtitles are out? Thank you!,Elaiza Myrell,5일 전,2
깡깡이 시리즈 계속해주세요. 원년 멤버 때도 퀴즈가 많이 하는 거예요.,d'fire ret,5일 전,1
지효 누나 나오는 영화 개봉하면 어떤 역이길래 이런 단발을 했는지 한번 들어나 보자 식으로 보는 사람들 많을듯ㅋㅋㅋ,무기력 소년,5일 전,0
송지효 금보라라고 그러나 금보라만 보여 송보라 잘생겼다 ㅋㅋ,나현이당,3일 전,4
아니 나 진짜 지효 언니 스타일리스트나 헤어 담당하는 사람들 대체 뭘 배우고 저렇게 하는지 모르겠네 지효 언니 예쁜 것만 믿고 막 하는 거 같음 옷은 진짜 말잇못이고 숏컷은 뭐냐?? 앞머리는 쥐가 파먹었음??? 구렛나룻은 왜저래 진짜 긴머리 예쁜 거 아는데 숏컷도 자신한테 맞게 하면 ㄹㅇ 잘 나오는 머린데 개 그지 같이 잘라놓은 게 말이 되냐 저게 진짜 속상해서 미치겠음 저 언니 숏컷 잘 하면 더 예쁘고 잘생겨질 수 있는데 진짜 미치겠다고 얼굴을 살리라니깐 얼굴만 믿고 다 망쳐버리네 진짜 헤어담당 옷담당이 왜 있는데,hero,3일 전,6
숏컷 왤캐 잘어울림..ㄷㄷ,해양생명공학,5일 전,1
Wait this is where treasure filmed everyday music video 🥺,Ava Isla,5일 전,0
소민이는 게스트보다 더 꾸미고 오네 ㅋㅋ,이다람쥐,4일 전,2
런닝맨 초창기 송지효 비쥬얼때문에 지금까지 팬으로써 열심히 봤는데 이제는 못보겠다 머리스타일 쥐파먹은 앞머리에 배우가 이미지가 제일중요한데 스타일리스트는 폼인가봄 언젠가부터 스타일지적이 심했는데도 변화가 없네;,겨울,5일 전,63
진짜 송지효 스타일리스트는 송지효 얼굴을 너무 믿는 거 아님? 물론 항상 믿음에 보답하는 페이스긴 한데 아무리 그래도 저런 식으로 굴리는 건 좀....숏컷도 예쁜 스타일이 얼마나 많은데 하필 저런 옆집 칠봉이 스타일로 잘라 놓냐고ㅋㅋㅋ본인이 원해서 나온 스타일링이 아닌 이상은 문제 있다,이준선,5일 전,41
4:50 퇴근 이황 ㅋㅋㅋㅋㅋㅋㅠ,SH S,5일 전,4
아무 데나 찍어 봤는데 지분 반 이상이왕코형이네ㅋㅋㅋㅋ,이유나_들어보자,5일 전,12
This is so funny lmao🤣🤣,Shine Shining,4일 전,0
송죠는 숏컷도 이쁘다..역시 헤어의 완성은 얼굴(?),아린이집 선생님 최효쩡💚🍭,5일 전,13
얼굴은 송지효가 더 이쁠지 몰라도 의상 소화력은 전소민이 더좋네 치마나 정장 안어울리는게 없네,모니터중,4일 전(수정됨),5
패완얼이라 뭘 해놔도 예쁜건 맞지만 어느정도껏 해야지 숏컷을 자르더라도 예쁘게 잘라놔야지 어떻게 저렇게 들쭉날쭉이냐,HYEM,3일 전,4
지석진 스타일리스트:웃기고 산에 가는한(?)옷으로 잘 입힘유재석스타일리스트:컨셉에 맞게 가을엔 주로 꾸러기 같게 입힘김종국스타일리스트:주로 반팔 티랑 반 바지 입힘전소민 스타일리스트:컨셉에 맞게 때론 웃기게 입힘하하 스타일리스트:너무 티 안나게 입히고 때론 진짜 웃기게 입힘송지효 스타일리스트:그냥 대충 입힘 어짜피 송지효는 다 소화하니까양세찬 스타일리스트:뭔가 펑퍼짐하고 아저씨(?)같은거 입힘,박상욱,5일 전(수정됨),4
이정도면 코디가 지석진 분량 나오게끔 작정하고 기괴한 옷들만 입히는거 같은데,윤홍석,5일 전,6
근데 왕코형 젊어지긴함 ㅋㅋㅋㅋㅋ,대한민국뽕,3일 전,2
2:23 아 지효 진짜 넘 웃김ㅠㅠㅠㅠㅠㅠ아ㅠㅠㅠ,여울,5일 전,5
이정도면 왕코몰이2 아닌가 ㅋㅋ 영상 절반이 왕코형님 두들겨 패고 있는데 ㅋㅋㅋㅋㅋㅋㅋ,오즈월트,5일 전,1
누나 왜 갑자기 존잘이 되었어 ㅋㅋㅋ,헤헤,5일 전,28
숏컷이 나쁜건 아닌데... 너무 못자른거같아...  지효누나 미모라 저정도 커버지... 일반인이 해씅면... 어휴,수쓰,5일 전,26
이건 지석진 놀리는 런닝맨 모음 수준인데 ㅋㅋㅋㅋㅋㄱㅋ,J,5일 전(수정됨),3
이정도면 지석진 하이라이트아님? ㅋㅋㅋㅋㅋㅋㅋㅋㅋㅋㅋㅋㅋㅋ,0505김휘중,5일 전,0
적어도 지효는 정말 예쁜 얼굴을 가졌네요. 내가 그 머리카락을 가졌다면 감자처럼 보일 거야.,Angelica,4일 전,2
jihyo short hair my new religion,Yustinus Taran Baren,5일 전,1
이정도면 패션 지적진임ㅋㅋㅋㅋㅋㅋ,인유,5일 전,0
근데 지석진 패션 신경쓴거같아ㅓ 이쁘다ㅎㅎ,투더문*-*,5일 전,1
나..런닝맨 애청자인데.. 진짜 송지효 헤어랑 코디는 반성하세요….. 이게 뭡니까..?,Boot Seoa,5일 전,7
런닝맨은 게스트 출연하는것보다 런닝맨 맴버들 자체로만 하는게 더 재밌음,열피냉피,1일 전,0
반 이상이 석진이형 지적이네ㅋㅋㅋㅋㅋㅋ,술이랑맛동산,5일 전,0
I like jihyo short hair ..cute 🥰🥰🥰🥰🥰,biyu,5일 전,1
잼있게 잘보고 갑니다😆,일월고은 사주타로,5일 전,0
예쁜 숏컷트도 많은데... 왜 저렇게 잘라놨지? 송지효나 되니까 그나마 소화하지... 일반적이면 완전 벌칙 가발이네...,Nomalone Kim,4일 전,9
지효언니 제발 헤메코 바꾸면 좋겠다고 꾸준히 말 나오는데 소속사는 왜 계속 에라 모르겠다 배째! 하면서 나오는지 진짜..ㅠㅠㅠ 제발 예쁜옷좀 입혀주세요ㅠㅠ 그냥 트레이닝 복 세트만 입어도 예쁠텐데 왜 맨날 80년대 벙벙한 아빠 옷 훔쳐입은거같이 입혀놓냐구요ㅠㅠㅠ 요즘 세상에 옷 잘입는 사람이 얼마나 많은데ㅠ 헤메코를 바꾸던지 헤메코 본인이 더 노력하든지 해서 돈 받은만큼은 일 합시다!제발!!,YEWON,5일 전,7
송지효사랑해!!!!! 언니 숏컷까지 너무 멋있음ㅠㅠ,bok u,5일 전,6
8:57 이 날착장귀여워,Bo,5일 전,5
유재석 스타일리스트분 아직 아무튼 출근때 나오신 그분 이신가?최근 벙거지 모자 시리즈 뒷이야기 궁금하다ㅋㅋㅋㅋㅋ송지효 임재범 의상은 다른 사람이 입으면 그냥 엄청 웃긴 벌칙의상일것 같은데 송지효가 입으니 잘생겼어ㄷㄷ,한민규,4일 전(수정됨),0
제목은 4인데 영상에는 패션 지적 3탄인 것도 개웃김,juliaJJ,5일 전,0
아니 지석진 코디가 그래도 사람이면 저게 예쁘다고 생각하는건 아니겠지ㅋㅋㅋㅋㅋㅋㅋㅋ 몇번 실수가 아니라 매편마다 이러는거 보면 일부러 그러는거임 ㅋㅋㅋㅋㅋㅋㅋㅋㅋㅋㅋ,김대현,5일 전,0
결국 지효가 중년 헤어스타일로 들어 섰구나..ㅜㅜ,빵천이,5일 전,5
2:25 전소민 귀엽다ㅋㅋ,하불,5일 전,1
"2020까지는 패션지적의 주 대상이 하하,이광수 였는데 21년 들어선 스타일리스트 분의 열일로 거의 지석진ㅋㅋㅋㅋㅋ근데 송지효 머리 누가 해줬길래 저렇게 잘라줬냐 바버샵에 여자가 가서 숏컷으로 해달라 그래도 저거보다 이쁘게 해줄듯",여어느,5일 전(수정됨),6
4:25 이와중에 전소민 미모 ㄷㄷ......,dk,5일 전,3
제목은 패션지적 시리즈이지만 실제로는 지석진 특집ㅋㅋㅋㅋㅋㅋㅋ,10 25,5일 전,1
송지효 숏컷은 큰맘먹고 하고 싶었던 머리 한걸수도 있고 드라마나 영화 준비하는데 배역에 맞게 짧은 머리 했을수도 있을것 같네,머리카락,4일 전,2
이정도면 스타일리스트분들도 특이한 옷 찾으면 분량 뽑아주려고 입히는듯,빵가루,5일 전,0
2:25 돌아이 전소민이 유일하게 쫄때 : 언니가 화낼땤ㅋㅋㅋ,Jay Ly,5일 전,3
송지효는 스타일리스트 없었으면 더 성공했을듯 안꾸민게 더 이쁘냐,용승,5일 전,25
다음은 몰래 온 게스트 특집 기대하겠습니다,태리야끼,5일 전,0
소신발언) 저 방송스타일링까지한 숏컷보다 머리 5일 안감은 생머리가 블링블링하니 훨씬 이쁠듯,이굴,5일 전,4
송지효머리 당연히 작품때문인줄 알았는데 여기 댓글에 작품때문 아니라는거 보고 깜짝 놀램..앞머리 쫌만 길러서 잘 수습되길바래요ㅠㅠ그래도 저 머리를 해도 잘생김,ariri,5일 전,6
패션지적부제:지석진 놀리기최근 오프닝 패션지적에 절반이상의 지분 보유하게된 지석삼,뭉뭉이,5일 전,1
3:33 춤추는 것 봨ㅋㅋㅋ,iknna,5일 전,0
유느님이 저렇게 말한 거 보니 송지효가 엄청 속상해한듯.... ㅠㅠ 머리가 저게 뭐야 ... 진짜 얼굴때문에 살아남음....😢 내가 했으면 6남매나 왕초 머리였을듯....,lovely harby,4일 전(수정됨),6
the title of this video should be seokjin's fashion criticizing 🤣,Nabilla Syifa,3일 전(수정됨),0
"인터넷 뉴스에서 송지효 팬들 헤메코 담당자 바꿔달라는 글 보고 영상보는데, 돈받고 일하는데 저렇게하면 그나마 배우라서 파급력이 적은거디 아이돌이었으면 진짜 개난리났음. 좀 이쁘게 잘해주자. 돈받고 일하잖아 너네",jonsen racle,5일 전,13
"지효언니,… 댕잘생겼어ㅠㅠ💕💕💕",소심한 피아노,5일 전,8
저는 지효같은 커트머리 해보고 싶은 충동이 30년째 꾸준하지만 차마 용기내지 못해서 은근한 속마음으로 저장중ㅜㅜ,지영,4일 전,1
송지효 님 코디 분 욕하는 사람들 2021 아시아 아티스트 어워즈 보고 오세요 ㅋㅋ 감사하다고 절을 할 지경이니까,2051 N,1일 전,2
"PD-nims, please redo the Running Olympics between Running man Team and Idol Teams like ep 129, please. It really fun",Amy's Daily,4일 전,0
"사진으로 봤을 때는 무슨 동네바보로 만들었나 했는데,역시 얼굴이 예쁘니까 어느정도 커버가 되는구나...",이호천,5일 전,7
난 지효언니 숏컷 꼭 한번 보고싶었는데 이런식으론 싫단말야ㅠㅠㅠㅠ 언니 얼굴이 다해서 그냥 조금만 노력해도 ㄹㅈㄷ 만들수있는데 해어담당 도대체 어떻게 한거야ㅠㅠㅠㅠ 나였음 국보급인 언니 얼굴 어떻게하면 제일 잘 살릴까 며칠을 밤새면서 연구하고 또 연구한 다음에 조심스럽게 잘랐을텐데 이게 무슨…ㅠㅠㅠ,ᄇᄋᄀ,5일 전,7
멤버들보다 자막으로 딜 더박음ㅋㅋㅋㅋㅋㅋㅋㅋㅋㅋㅋㅋㅋㅋㅋㅋ,Seung yeon,5일 전,0
2:10우리 소민이 미모 개쩐다 ㄷㄷ 이쁜거봐 저런 헤어도 어울릴줄이야;;,이재경,5일 전(수정됨),4
"so miss Lee Kwang Soo, invite Lee Kwang Soo,, let the show live again,,, I love you Lee Kwang soo",Teti Nuraini,5일 전,0
이제하다하다 스타일리스트분들도 한뜻한마음 ㅋㅋ,속이후련했냐!!!!!!!!!,5일 전,1
15:58 내가 트레이너들 사이에서 GD야!!  가수 김종국,원석이,5일 전,3
송지효 팬들이 성명문 냈던데 ㅋㅋㅋㅋㅋㅋㅋㅋ,OO Y,4일 전,4
머리가 속상하긴 해도 그래도 송죠 개예쁘다 저런 머리도 왜 예쁜거야,별진,5일 전,4
이정도면 지석진패션지적 아니냐곸ㅋㅋㅋㅋㅋㅋ근데 석진님 옷 따로따로 보면 예쁜거 많은데함께 하니까 더욱 이상해졌어...,조찬양,5일 전,0
이정도면 걍 영상 제목 지석진 패션지적 아님?? ㅋㅋㅋㅋㅋㅋㅋㅋㅋㅋ 지분율 봐 ㅋㅋㅋㅋㅋㅋ,민초레샤조아,5일 전,2
2:38 지효 머리자른거 이런 스타일링은 귀여운데 유재석 말처럼 잘생긴 아이돌같음,I I,9시간 전(수정됨),0
금보라 선생님 ㅋㅋㅋㅋㅋㅋㅋㅋㅋㅋㅋㅋㅋㅋㅋㅋㅋㅋㅋㅋㅋㅋㅋㅋㅋㅋㅋㅋㅋㅋㅋㅋㅋㅋ,Htgf Yu,5일 전,1
지효언니.. 무슨 일이야..머리를 뭔가 뒤죽박죽 자른것같긴 한데 왜 잘 어울려 왜 예뻐 왜 잘생겼어.. 진짜 패션의 완성은 머리가 아니라 얼굴이다. 내가 했으면 그냥 술취해서 혼자 머리자르다가 망해버린 컷이야,탱이,5일 전,3
지효언니는 이제 그냥.. 물구나무를 서도 아름다울듯,Elddd u,5일 전,25
2:22 이거 너무 나이차이 좀 나는 큰언니랑 철딱서니 덜 든 막내동생 같잖앜ㅋㅋㅋㅋㅋㅋㅋㅋㅋㅋㅋ,이름,2일 전,4
울지효언냐는 숏컷도 개차반으로 잘라도 예쁘고 잘어울려 송보라 엄지처억~♡ 머리자른사람 중지처억~♡,홍진영 사생팬,5일 전,3
석진옹×소민 언니 최약체 조합도 해주세용~,박채리,5일 전,12
"Please avail the engsub for Youtube, please 😭😭",Tanto Ivan,5일 전,1
조만간 스티일리스트가 뽀글 파마 시킬 기세네,쥬땜므같은-,5일 전,3
지석진이 영상 절반차지하네ㅋㅋㅋㅋㅋㅋ,김주안,5일 전(수정됨),0
지석진ㅋ 기저귀옷ㅋㅋ ㅋ 저거 진짜 기저귀 갈기 편한데 ㅋㅋ 송지효는 누가 실험 하나보다 진짜.. 거지헤어컷도 소화하네..,소지굼 sojigum eat,4일 전,3
전소민 코디가 가장 열일 하는듯 뭐 저 외모면 뭘 입어도 이쁘겠지만,영메인,5일 전,8
송지효 보면 딱 이 말이 맞음 존나 잘생기거나 이쁘면 탈모제외하곤 모든 헤어스타일 커버 쌉가능,ᄒᄒᄋ,5일 전,11
하차했는데도 클립영상에 나오는 이광수 당신(?)은..ㅠㅠ,솔로몬님 1등갑시다🔥 로나퀸,5일 전,1
i really like seokjin fashion. its unpredictable and out of ordinary. 🕺,FIEND,5일 전,0
송이 나은이 소울이... 모아보니 키즈모델이네 석삼이형...,I I,9시간 전,0
전소민 진짜 이쁘네,뚜뚜루,5일 전,7
(오늘의 명언)1. 대한민국 국민은 모두 본인의 두발 스타일을 정할 자유가 있다.2. 그렇다고 모든 스타일이 다 잘 맞는 것은 아니다.,명언메이커의 명언공장,5일 전,6
모든 공격을 받는 바닥난 애드립 장인 지석삼,이영석,5일 전,1
지효언니 학생 때도 숏컷한 적 있지 않나? 약간 익숙한딩,유영원,5일 전,0
13:58 피디님 어울린다X2 ㅋㅋㅋㅋㅋㅋㅋㅋㅋㅋㅋㅋㅋ,직거래제주감귤,5일 전,5
송지효는 인기에비해 너무 관리를 안하는건지 인기가많아서 왕성히 활동할수있는 기회가 주어지면 팬심보답을 위해서라도 관리좀히세요.냉정히 헤메코문제는 아닌듯.,N,12시간 전,0
"When the thumbnail is jihyo eonnie's pic, you will see the view getting higher🤭😆",Fathihah Fauzi,4일 전,4
너무 웃긴 건 인트로는 패션 지적 3탄이라고 적힌 거야...,열여덟,4일 전,0
2:41 아 가발이 아니에요......??? 아니 숏컷 좋은데 누가 머리를 저렇게 잘라......ㅠㅠ 진짜 헤어 담당쌤.... 이건 아니자나요....,셜록,4일 전,7
쏘미니 코디가 제일 괜찮은 듯매화 런닝맨 컨셉에 맞춰서 예쁘게 입힘,Hyunjin. M,5일 전,26
패션 지적이라는데 그냥 열에 아홉이 지석진 조리돌림인뎈ㅋㅋㅋㅋㅋㅋㅋㅋㅋ,김지빈,5일 전,1
지효언니 전쟁영화돌입인가보다 ㅠ,Young K,5일 전,1
옛날에는 패션 지적 이광수 분량이 90%였는데 이젠 지석진 분량이 90%네 ㅋㅋㅋㅋㅋㅋㅋㅋㅋ,J,5일 전,1
We need an english caption,Santini Louis,5일 전,2
지효 스타일리스트분 진심 분발하세요 그리고... 지효님 헤어샵 진짜 다른 곳으로 바꾸셨으면 좋겠다 제발 진짜 답답해서 못보겠음,예인,3일 전,10
패션지적마저도 화목한 런닝맨,신디,5일 전,1
요즘 런닝맨 보면 이광수가 나간 이후로 폼이 올라온 멤버들이 많은거 같음. 우연일 수도 있긴 하지만 그동안 이광수가 워낙 재밌고 활약도 비중도 많아서 그 빛에 가려졌던건 아닐까라는 생각이 들음. 그동안 꾸준하게 재미를 줬던 이광수도 대단하고 그런 이광수가 하차한 뒤에도 허전함이 느껴지지 않게 재미를 주는 멤버들도 대단하다고 생각함!,이준영,4일 전,0
lol.. I am pretty sure New Yorkers doesn't dress like that (I've seen weird ones but still doesn't dress like that 😂),Xtroo L,13시간 전,0
저정도면 지석진 스타일리스트분 거의 앙심품으신거 같은데,조혜정,4일 전,1
나만 마지막 옷은 나름 이쁘다고 생각한건가...... 나머지 옷은 솔직히 놀릴만 했는데 마지막 옷은 음?이쁜데? 라고 생각했는데..,선바닐라,5일 전,1
3:33 저 기저귀룩은 누구 입으라고 만드는지….ㅋㅋㅋㅋㅋ뉴욕가면이런데가면 진짜 멋있다고 입는 사람들이 있나요???(벌칙으로 말고…),HYE2,5일 전(수정됨),3
9:43 공격이 6대1로 들어오는데 그걸 다 받네 와 …,MJ Kim,4일 전,3
아 걍 하하츠지 무잔 나올때마다 빡빡 웃음 ㅜㅜ,kreettt,5일 전,1
중세 유럽 하인룩 ㅋㅋㅋㅋㅋ,Constantine,5일 전,2
송지효 개이쁘다진짜 ㅋㅋㅋ,world hello,5일 전,4
0:43 아 봐도봐도 김종국이 지석진 빤짝이빽구두 이르는게 존나 웃김ㅅㅂㅋㅋㅋㅋㅋㅋㅋㅋ 존나 다급함,I I,9시간 전,0
지효누나 머리 누가 잘랐니?!,Why So Serious? -,3일 전,7
왕코 코디는 지능형안티팬같은데ㅎㅎ 언제부턴가  패션이 시대를너무앞서가거나 과거에서 본듯한ㅎㅎ,제이슨lee,5일 전,1
전소민 개이쁘다 진짜..,ISTP-T,5일 전,7
오늘 런닝맨은 식당에서 보느라 자막만 보는데 자막이ㅈㄴ 재밌네 초콜렛 포장지로 만든 신발 등등 자막이 캐리하고 있었네,강주,5일 전,0
저의 인생예능이에요 정말로 모든영상들이 재미있어요 밥먹을떄마다 게속 보는거같요 꼭 롱런하세요,skagns rla,5일 전,0
그래도..지효언니는 갓지효입니다..내가 하면 각설이일터인데ㅜㅜㅜ지효언니니까 저만큼 소화하시지..어휴😭😭,폐기잘주는 예쁜 cu누나,2일 전,1
13:07 여기 엄청 따뜻하넹 ㅋㅋ,jea k,5일 전(수정됨),2
송지효 특수팬층 확보 들어가나..,샥샥,5일 전,0
진짜 송지효가 숏컷이 안 어울리고 어울리고의 문제가 아니라 얼굴 딱 가리고 헤어만 봐라 저게 잘 정돈된 머린가 진짜 화딱지나네,와이프서동재,5일 전,8
지석진 코디가 특이하게 자주 입히네,조도현,5일 전,0
13:56 저거 볼때마다 강호동님 무브 생각남 ㅋㅋㅋㅋㅋㅋㅋ 둘이찰떡 ㅋㅋㅋㅋ,링가링,5일 전,4
"숏컷이 문제가 아니라 머리 스타일이 문제인 것 같은데...앞머리가 무슨 들쑥날쑥,,,송지효는 얼굴이 너무 예쁘기도 하고 앞머리 조금만 더 기르면 완전 예쁘고 잘 어울릴 것 같은데..송지효가 숏컷이 안 어울리는 건 아님,,좀 다르긴 하겠지만 예전에 합성한 거 보면 완전 잘생쁨이던데..진짜 앞머리 좀 더 기르고 정돈하면 잘 어울리고 예쁠듯. 앞머리라도 좀 길게 잘라주던가,,,저게 뭐냐고 ㅠㅜ",Forever,3일 전(수정됨),2
"😍OMG,EXACTLY WHAT I NEEDED 😍---------YOUNG--------------GIRLS -------------------------------------------------------------------------------------------------------------------------------------------------------------------------------------------------------------------------------------------------------------------------------- i Sepecial hot girls for you Trending💌 https://aishite.tokyo/tsunade?HDRCam私のヌードセックス ❤️❤️❤️Gaze: ""Amazed""Lips: ""Sensual""Smile: ""Sweeter""Body: ""Colder""Жизнь, как красивая мелодия, только песни перепутались.#однако #я #люблю #таких #рыбаков #垃圾* Everyone talking its true *While me: "" Wow that looks so delicious i wanna eat it so badÓ╭╮Ò""Жизнь, как красивая мелодия, только песни перепутались#однако #я #люблю #таких #рыбаков#垃圾THREE IN ONEEveryone talking its trueYoutube is the best foreverLife's story is a short journey so have fun before eternal sleep forever Жизнь, как красивая мелодия, только песни перепутались#Чо #эт #делает #на #2 #месте #в #тренде #однако #я #люблю #таких #рыбаков #垃圾",Mbok be Bisa nempel,4일 전,0
패션 지적이.아니라 지석진 놀리기 같은데 ㅋㅋㅋㅋ,김재민,15시간 전,0
2:02 진짜 송지효 저머리 어디서 봤냐면...나 중딩때 공부못하고 게임만 하러 다니는 어설픈 일진애들이 부모한테 디지게 혼나고 집에서 머리잘리면 저런 머리였음 ㅋㅋㅋㅋㅅㅂ 차라리 블루클럽울 가도 저머리보단 예쁘겠네.,언제나맑음,3일 전,3
"😍OMG,EXACTLY WHAT I NEEDED 😍---------YOUNG--------------GIRLS -------------------------------------------------------------------------------------------------------------------------------------------------------------------------------------------------------------------------------------------------------------------------------- i Sepecial hot girls for you Trending💌 https://aishite.tokyo/tsunade?HDRCam私のヌードセックス ❤️❤️❤️Gaze: ""Amazed""Lips: ""Sensual""Smile: ""Sweeter""Body: ""Colder""Жизнь, как красивая мелодия, только песни перепутались.#однако #я #люблю #таких #рыбаков #垃圾* Everyone talking its true *While me: "" Wow that looks so delicious i wanna eat it so badÓ╭╮Ò""Жизнь, как красивая мелодия, только песни перепутались#однако #я #люблю #таких #рыбаков#垃圾THREE IN ONEEveryone talking its trueYoutube is the best foreverLife's story is a short journey so have fun before eternal sleep forever Жизнь, как красивая мелодия, только песни перепутались#Чо #эт #делает #на #2 #месте #в #тренде #однако #я #люблю #таких #рыбаков #垃圾",Mbok be Bisa nempel,4일 전,0
"Haha to Ji-hyo: Ji-hyo, the hair looks good on you the more I see it.KJK to Ji-hyo: Of course, it does. The pretty one's looks good in anything.Me to KJK: Marry her!!! 😍",Moo Kuro,5일 전,0
근데 송지효 코디는 진짜 위험한거 아니냐.. 숏컷? 갑자기?,jason chung,4일 전,1
비천무 헤어스타일때부터 느꼈지만 샵 최대한 빨리 바꿔야 함.,신진영,5일 전,2
페미들 뭐 자기 편하라고 하는거겠지만 어울리지도 않는 숏컷 왜 하나 궁금했는데 송지효님은 엄청 잘 어울리네..ㄷㄷ,해양생명공학,5일 전,0
패션지적4 아니고 지석진편 아닌가욬ㅋㅋㅋㅋㅋㅋㅋㅋㅋㅋㅋㅋㅋㅋㅋㅋㅋㅋㅋㅋㅋㅋㅋ,블루블랭,4일 전,4
13:07 진짜 친자매 같이 보기좋다~~,밥통,5일 전,7
요즘은 멤버들도 멤버들인데 자막이 더 먹임ㅋㅋㅋㅋㅋㅋ “희귀종 은구두 표범의 장수를 비는 인간들의 세레나데 “,죠세핀,5일 전,5
진심으로 지효누나 머리 말하기 전까지 당연히 가발이라고 생각함.,MH,5일 전,4
지효언니 존잘♡,rjshwjsjdhaq,5일 전,3
패션으로 웃기는 프로,헤으응,5일 전,0
지효누나 숏컷 진짜 어울리네.. 역시 패션의 완성은 머리빨도 아니고 옷빨도 아니고 결국 얼굴이었다,정민오,5일 전,13
2:20 여기 촬영장 아무리 봐도 신서유기 조기퇴근한 그 곳 같은뎅,병현,5일 전,0
지효언니 머리 자른 도라이는 다신 가위 잡지마라너무 속상.. ㅜㅜ,llo,5일 전(수정됨),9
종국이형 스타일리스트는 그래도 좀 편하겠다 ㅋㅋㅋㅋ 반바지에 티 하나주면 대흉근으로 다 소화시킴 ㅎㅎ,비오는하늘,5일 전,2
16:00 트레이너 사이에서 GDㅋㅋ앜ㅋㅋ,눈치보는물개,5일 전(수정됨),1
Fashion Moment Style,I AM JEMMY,5일 전,0
Can you do a Kim jong kook being detective compilation or harassing the spy?. TIA,John Mendoza,4일 전,0
석진 오라버니 너무좋아요,고뽀시래기,1일 전,1
고준희 숏컷st이면 모를까..ㅠ 지효언니 얼굴이 다햇다... 스타일리스트 교체 꼭 생각해주세용,Green,5일 전,5
이정도면 스타일리스트 그냥 대충 젊은 얘들 하나 데려다가 쓰면 더 잘 입히겠는데..?,응애세력김씨,5일 전,24
멍지 짧은 컷트도 너무 잘 어울림. 진짜 패완얼 ㅠㅠ,de de,5일 전,8
등산 이야기할 때 유느님이 입으신 츄리닝 뭔지 아시는분??,최우창,5일 전,2
긴말않고.사랑합니다.런닝맨.,ND WEEK,5일 전,3
지석진 분량이 제일 많네 ㅋㅋ,ptsgrill,5일 전,0
지효누님 머리 스타일 옛날 드라마 보면 밖에서 사고치고온 딸 머리카락 아버지가 밖에 나가지말라고 가위로 막 자른 스타일 아님?,jongjin park,5일 전,5
소민이 보고 정신 차리래 ㅋㅋㅋㅋㅋㅋㅋㅋㅋㅋ,모모,5일 전,2
아니 지효언니 .. 붙임머리 해줘요 다시……,와앙,5일 전,3
오늘도 꿀잼 입니다.,남도우너,5일 전,1
런닝맨 사랑해요 진짜 재밌어요 런닝맨 때문에 삶이 행복해요 런닝맨 앞으로도 꼭 롱런하세요 런닝맨 사고 없이 쭉 이어가자 화이팅,-_- sung,5일 전,2
15:13 they are like a old oppas😂😂😂 They all started to nag when she said the orginal outfit is without shirt,nini_ jongin,5일 전,1
지효씨 머리 짧아도 멋있기만 하네요… 굿굿!!,정현,5일 전,10
님들 근데 짧은머리일 때는 머리가 생각보다 빨리 자라서 점차 자리잡을테니까 우리 기다려봐요,웰이,5일 전,2
와근데 송지효 진짜 저따구머리를 해도 예쁘네 ㅎㄷㄷ,A A,5일 전,6
송지효 숏컷 너무 이쁘다 😍,nice Lee,5일 전,10
무한도전에서 연출하던 사람들이 런닝맨에 많이 넘어왔나? 조금씩 무한도전 컨텐츠를 잘 받아가는 것 같다.,사진,4일 전,0
드디어 금보라 나왔다,서원종,5일 전,0
근데... 장난아니고... 지석진 옷 잘 입음...ㅎ 핏도 좋고 의외로 옷들이 잘 어울림...ㅎ,whee,4일 전,1
지효님 헤어 다른의미로 넘 핫해서 지금 런닝맨 물들어올때 노젓나 ㅋㅋㅋ 팬들이 성명서까지 낼 정도니,보리보리쌀,4일 전(수정됨),0
02:14나만 커피프린스를 생각한게 아니였구나?,시네마플래닛,5일 전,3
광수오빠 보고싶다 그리워요 😭😭,광수생각,5일 전,0
15:45 뒤에서 열변 토하는거봨ㅋㅋㅋㅋ,iknna,2일 전,2
❤️❤️❤️❤️,첼로린이 가은❤️,5일 전,0
왕코햄 건강하게 장수해주세요,O-Bass,4일 전,0
송지효 머리 자르니까 희철이하고 닮았다,Eonjae Lee,2일 전,1
썸낼이쁘지효 언니 보고옴♥,가현's,5일 전,4
14:55 ㅋㅋㅋㅋ 솔리드..,sebastian jeong,4일 전(수정됨),1
지효언니 머리 기우쌤 망한 머리 대회 나가야 할 정도야.. 언니 제발 샵 바꿔..,용용,4일 전,7
18:28 하하 저음 미쳣다,뭐요,5일 전(수정됨),1
광수형 빠지니까 공석이 진심 크게 느껴진다,김해의 낭만청년 랄로,5일 전,0
송지효님 진심으로 헤메코는 꼭 교체했으면 좋겠어요 제발ㅠㅠㅠ,sj h,3일 전,2
인스타에 지효누나 숏컷사진 뜬거 보자마자재석 : 지효 너 그거 혹시 은혜가 했던 커피프린스.. (눈치)종국 : (뱀눈깔) 아 그만해!!!! 🔥🔥🔥이거 기다렸는데 이 드립을 소민누나가 쳐줄줄이얔ㅋㅋㅋㅋㅋㅋㅋㅋㅋ,Jay Ly,5일 전,1
지석진 옷 이상한 거 알면서 애써 당당한 척 하는거 불쌍하다,FLAG,5일 전,0
전소민 스타일리스트 반만따라가줘....,믕유시인,5일 전,4
"재밌고 웃긴데미용실 원장님, 할배 이렇게 놀리지 마세요ㅠㅠ",사랑해,5일 전,0
예전에 엑스재팬의 보컬 토시가 장발을 잘랐을 때의 그때 느꼈던 기분이랑 겹쳐보인다...,오프치드,5일 전(수정됨),0
은구두표범ㅋㅋㅋㅋㅋㅋㅋㅋㅋ,김하늘,5일 전,2
조금 뜬금없지만 혹시 콘텐츠 생각중이시라면 멤버들 정신감정편으로 한 번 해주세요 늘 밝은 모습으로 웃음 주려고 노력하고 광수 빠진 후에 더더욱이 그런 모습들이 많이 보이는데 가끔 보면 정신적으로 힘들어 보여요 감독님 비롯 작가분들이 알아서 하시겠지만 조심스레 의견 보태봅니다,꼬부기,5일 전,0
종국이형은 코디가 없나보넴,싱글라이트,3일 전,1
송지효 머리 컷한거 본인 의사였는지 코디들 의견이었는지 모르겠는데 실수 제대로 했네 본판이 이쁘니까 저정도지 되게 나이들어보이고 그닥 안어울림.,주형진,3일 전,5
"""난 그래도 송지효가 내 이상형이다""",댓글,5일 전,3
런닝맨 멤버들 mbti 검사하면서 하루종일 노가리만 까도 재밌을듯해요!!!!,라라리리,3일 전,0
"😍 OMG,EXACTLY WHAT I NEEDED 😍THE CUTE----------------------GIRLS. ------------------------------------------------------------------------------------------------------------------------------------------------------------------------------------------------------------------------------------------------------------------------------- i Sepecial hot girls for you Trending💌 https://aishite.tokyo/floryn?HDRCam私のヌードセックス ❤‍🔥Gaze: ""Amazed""Lips: ""Sensual""Smile: ""Sweeter""Body: ""Colder""Жизнь, как красивая мелодия, только песни перепутались.#однако #я #люблю #таких #рыбаков #垃圾* Everyone talking its true ** While me: * "" Wow that looks so delicious i wanna eat it so badÓ╭╮Ò""* Жизнь, как красивая мелодия, только песни перепутались* #однако #я #люблю #таких #рыбаков* #垃圾* THREE IN ONE* Everyone talking its true* Youtube is the best forever* Life's story is a short journey so have fun before eternal sleep forever * Жизнь, как красивая мелодия, только песни перепутались* #Чо #эт #делает #на #2 #месте #в #тренде * #однако #я #люблю #таких #рыбаков #垃圾",Floryn 14👍,4일 전,1
패션지적이 그냥 지석진쇼,Meloh Holem,5일 전,2
"😍 OMG,EXACTLY WHAT I NEEDED 😍THE CUTE----------------------GIRLS. ------------------------------------------------------------------------------------------------------------------------------------------------------------------------------------------------------------------------------------------------------------------------------- i Sepecial hot girls for you Trending💌 https://aishite.tokyo/floryn?HDRCam私のヌードセックス ❤‍🔥Gaze: ""Amazed""Lips: ""Sensual""Smile: ""Sweeter""Body: ""Colder""Жизнь, как красивая мелодия, только песни перепутались.#однако #я #люблю #таких #рыбаков #垃圾* Everyone talking its true ** While me: * "" Wow that looks so delicious i wanna eat it so badÓ╭╮Ò""* Жизнь, как красивая мелодия, только песни перепутались* #однако #я #люблю #таких #рыбаков* #垃圾* THREE IN ONE* Everyone talking its true* Youtube is the best forever* Life's story is a short journey so have fun before eternal sleep forever * Жизнь, как красивая мелодия, только песни перепутались* #Чо #эт #делает #на #2 #месте #в #тренде * #однако #я #люблю #таких #рыбаков #垃圾",Floryn 14👍,4일 전,1
2:07 소민이가 커피프린스 윤은혜언니!! 이러는데 김종국 목소리 들림 그래 아니 이런식으로 들리는데 무심코 나온 소리인건지....🤭,ㅇㅇ,5일 전,11
아 긴머리가 2만프로 더 좋은데ㅜㅜ,ss,5일 전,2
송지효 머리 누가잘랐냐...,랄로쉐,5일 전,3
3:33 여기부터 진짜 너무 웃겨서 토나옴 ㅋㅋㅌㅋㅌㅋㅋㅋㅋㅋㅋㅋㅋㅋㅋㅋㅋㅋㅋㅋ,동글이,4일 전,1
어째 패션지적의 주인공은 거의 지석진이다?,다블,5일 전,0
근데 진짜.. 지효 얼굴이 살렸다.. 꼬까옷입은거 존나귀여운데 나만그래..?,ji ni,4일 전,1
"솔직히 이정도면 패션""지적진""이네",타이슨,5일 전,1
영상의 대부분이 지석진이야 ㅋㅋㅋ 역시 토크 스펀'지',이런 귀한곳에 누추한 분이,5일 전,0
"After 'accidentally' pinned a malicious comment targetting Song Ji Hyo, they still have a face to use her for thumbnail to get views. And it works for me too, cause I love her very much. Poor you SBS.",Jessika Nadya,5일 전(수정됨),3
그냥 사실상 석삼쇼인데 ㅋㅋㅋㅋㅋㅋㅋㅋㅋㅋ,첸씨,5일 전,2
런닝맨 팬미팅 때도 그렇고 런닝맨 아닌 다른 촬영에서는 지석진 스타일링 좋은데 런닝맨에서만 ㅋㅋㅋㅋㅋ그 덕에 오프닝부터 분량 확보 ㅋㅋㅋㅋ,J,5일 전,1
석진이형 ㅋㅋㅋㅋㅋㅋㅋㅋㅋ,실리콘밸리,5일 전,0
"구경이 곽선영같은 헤어스타일어울릴듯,저머리보다ㅜ",희희,5일 전,0
13:17 여기에 깔린 노래 무슨 노래인지 아는 분,sososo so,5일 전,0
2:23 욕을해도 이쁜 이쁘지효,그림그리는MJ,5일 전(수정됨),3
17:02 저 상의보는데 왜 지하철 노선도가 생각나지?,Tv루시안,4일 전,2
금보라에서 개쳐웃음 ㅋㅋㅋㅋ,개좋은빛살구,2일 전,1
Eng sub please😭,Mary,4일 전,0
지효님 숏컷 너무 잘 어울림....이제 런닝맨에서 지효가 제일 잘생겼다는 말이 이해가됨 ㅋㅋㅋㅋㅋㅋㅋㅋㅋㅋㅋㅋㅋㅋㅋㅋㅋ,eaaa hee,5일 전,17
옛날엔 지적의 80%가 광수형이었는데 이젠 지석진아저씨가 다받네 이지브라더스의 계승,OPER591,5일 전,0
전소민 스타일리스트가 지효까지 봐주면 안되나? 진짜 송지효 헤메코 항상 누가 담당하는 거임 드라마랑 런닝맨이랑 너무 딴판이야,웃지마민병관,5일 전,11
오늘 영상도 잘보았습니다,반돌이,5일 전,1
송지효씨 팬들 성명서 나왔다는게 사실임???,운동,5일 전,6
이번주 완전 정우던데...,Cool Sun,5일 전,0
송지효야 뭐 아무 머리나 해도얼굴이 다 하니까 별건 아니고언니가 뭔 개소리야 하니까쫄아서 유재석 뒤로 숨는전소민이 더 웃김 ㅋㅋㅋㅋ,Moonshine of the south,5일 전,2
처음부터 꽤나 강렬한걸…,_S 2,4일 전,0
15:40 ???: 근데 넌 가수잖아...,캐첩하인즈,5일 전,1
저런옷들이 지석진때문에 팔리는듯ㅋㅋㅋㅋㅋㅋㅋㅋㅋㅋㅋㅋㅋ,소심한 피아노,5일 전,1
나..런닝맨 중간에 틀었다가..송지효 머리보고 벌칙이어서 가발쓴줄 알았음ㅜ 자를수있지...근데 내가 주방가위로 잘라줘도 저것보단 나을것같아ㅜㅜ차라리 동글동글하게나 잘라주던지ㅜ,hey yu,1일 전,3
아머리 킹받네..,턴턴,4일 전,2
머리 숏컷트 해도넘사벽 송지효,강재열,5일 전,1
트레이너 남친룩 존나 100% ㅋㅋㅋ,몸좋고잘생김,5일 전,0
"유재석은 편하고 친근하면 원래 장난치는 스타일인데. 송지효 머리스타일 분명히 놀려야 정상인데. 갑자기 지효같은 스타일이 머리가 길건짧건 영향을 안받아 이렇게 말한건불편하고 거리감이 느껴진다는거다. 오히려 모자벗은 모습보고 금보라같다고 말한 하하나 모자쓴모습보고 거지냐라고 말한 김종국이 오히려 평소같고 자연스러웠음.솔직히 송지효 머리스타일 누가봐도 이상하자나. 딱 본 순간 50대 아주머니들이 자주 하는 머리스타일이라고 느꼈다. 조혜련,신효범,금보라,변정수등등머리스타일 하나로 갑자기 10살 더 먹은것처럼 보이는데. 이걸 안놀리면 본인은 모를거 아니야 ㅋㅋ",스틸하트,5일 전,3
그냥 석진옹 특집아니에요...?ㅋㅋㅋㅋㅋㅋ,kooowwwdd,5일 전,1
팬들이 헤메코 바꿔달라고 청원서 썼다해서 뭐 저렇게까지해 했는데방송보니 충분히 이해가더라..여기는 모자도 쓰고 영상도 짧게 나왔는데 진짜 머리이상하고 옷도 어벙벙하게 입혀서 안이뻤음나이들어보이고..차라리 단발을 하던지그나마 송죠얼굴이 멱살잡고 끌고갔음헤메코 바꾸긴 해야될듯,행복,5일 전(수정됨),4
진짜 지효언니 짧머에 저모자 너무 잘어울렸음!,지렁이,5일 전,17
"하루빨리 코로나 종료되면 지효누나 팬사인회가자 ""송지효""라고쓰고 ""여신""이라 읽는다..💕2:01 지효누나 변신은 무죄....💕",177.168luv,5일 전(수정됨),0
죄다 지석진이잖앜ㅋㅋㅋㅋㅋㅋㅋㅋㅋㅋㅋㅋ,짱구,5일 전,0
이광수없으니 분위기가 뚝뚝끊기네,anseok,4일 전,1
지석진 지분 뭐야 ㅋㅋㅋㅋ,rjshwjsjdhaq,5일 전,2
"아니 헤어스타일이 문제인 거야, 의상이 문제인거야??난 숏컷은 괜찮은데 의상은 예전부터 너무 신경쓰지 않은 거 같아서...아무리 본인이 편한 거 좋아하고 수수한 거 좋아할 수도 있는데 그래도 스타일리스트가 자기 연예인이 동네 마트에 갈만 한 의상 입혀서 방송 내보는 건 좀 아니지 않나...차라리 지석진처럼 여러가지 시도라도 해보든지... 안 어울리고 오버스러워도 몇분이라도 단독 컷으로 분량 가져가잖아...",에르자드J,4일 전,3
개리 다시 나왔으면 좋겠다 광수나갔으니맴버한명 더 들어오면 딱 개리왔음 좋겟는데,김eyetalking,4일 전,0
지효누나 머리 왜저럼..가발인 줄 알았는데누님 스트레스 심한가ㅋㅋ,아니!!아닌데!!!,4일 전,4
지효는 숏컷해도 이쁘노 ㅎㅎ 다양한 도전좋다~!!,김순기,4일 전,2
보고싶다 이광수..,록타이트,5일 전,0
"석삼씨, 코디는 일부러 저런옷을 입히는건가....;;;",SY Kim,5일 전,4
아.. 저 구렛나루 자르고 싶다!!!!,ᄏᄑᄆ,3일 전,1
7:04 이어폰꽂마자마 라붐 ost나오는거봐 ㅋㅋㅋㅋㅋㅋㅋㅋㅋㅋㅋㅋㅋㅋㅋㅋㅋ,오오,5일 전,1
송지효 머리 해주는사람 좀 짤라라 제발 진짜 제에에발 헤어스타일같은거 무신경한 나조차도 몇년전부터 느꼈다 ㄹㅇ,김철수,5일 전,6
일부러 석진이형 조질려고 저옷 입힌거 같은데 ㅋㅋㅋㅋ,Kim Michel,3일 전,0
방탄 코디보다 더한 코디가 있을 줄은 상상도 못했네요ㅠ ㅠ 왜 코디가 다들 본판 엄청난 얼굴을 망치는 건지..;,ᄃᄋ,2일 전,0
예쁜 숏컷이 얼마나 많은데 배우 머리를 벌칙가발처럼 잘라놓냐고 얼굴빨로 그나마 귀엽고 예쁜거지 일반인이였으면 기를때까지 밖에도 못 나가는 컷 아님..? 진짜 빡쳐서 뒤지겠음,보라,5일 전,4
15:18 코디님 노력해줘....,사진,4일 전,0
작품 아닌 이상 숏컷하면 안 되나? 열폭하는 시간에 송지효는 승승장구 중~ㅋㅋㅋㅋㅋㅋㅋ,룰루,5일 전,2
도대체 이쁜 몸매 얼굴의 송지효에게 무슨 억한감정이 있길래 코디를 이따구로 하고 스타일링을 이따구로 하는거냐? 런닝맨 보고 깜짝놀랐다 완전 아줌마도 촌아줌마로 만들어 버리는 능력... 코디 스타일리스트 다 짜르고 교체해라,Zealander NZ,5일 전,3
의자뺀거 동영상 으로 해주세요~~~~ 넘 재미있을거 같아욥,징징,5일 전,0
19:24 랄뚜기 편집자 하위~,심술폭발한아이,5일 전,0
송지효님 스타일리스트님  예쁜옷 좀 입혀주면 안되나요 ㅠ? 진짜 흰티에 청바지만 입혀도 넘 예쁜데 너무 일못하심......... 글고 이번에 숏컷한거 앞머리 쥐가 갉아먹은거 처럼 삐뚤빼뚤하냐고ㅠㅠ 진짜속상해...... 그래도 소화해내는거 진짜 개예뽀,혜리,3일 전,3
벌칙 가발 인 줄 알았는데 본인 머리 였다니,테드창,4일 전(수정됨),1
2:06~2:23 자꾸 닮았다니깐 🐶소리래 ㅋㅋㅋㅋㅋㅋㅋ,이리피리,5일 전(수정됨),2
40대 여배우한테 홍대스트릿트패션이 왠말..... 차기작때문이 아니라면 진짜 코디 자르세요 안타깝다 못해 속상하다,므엥,5일 전,4
Tujuan utama syuting running man adalah menggoda ji seok jin wwkkw,yolanda sanveri,5일 전,0
머리빨 안 받는 사람은 세상에 존재하지 않음.. 예쁘고 잘생길수록 소화하는 머리가 많아지는거지 지뢰는 누구나 있음ㅋㅋ 맹구가발보다 못생기게 커트한 저 머리는 어울리는 연예인 찾는게 더 힘들걸?? 송지효 두상도 괜찮아보리던데 차라리 반삭하는게 저것보다 나을듯 동네미용실도 저것보단 잘짜르겠어,j h,3일 전,3
好看,Na Lê,5일 전,0
분량의 절반이 지석진...,시험평균38점,4일 전,1
송지효는 항상 코디랑 헤어가 너무 별로다. 원래 얼굴을 더 죽이는 느낌... 같이 나오는 전소민은 항상 헤메코 다 본인한테 어울리는 스타일로 이쁘게 하고 나오는데,성이름,4일 전,9
😂😂,sanveri veri,4일 전,0
유재석 사회에 김종국 축가는 누구 결혼식이였을까 ㄸ,김건우,5일 전,0
지효님 옷 상의도 맨날 너무 큰 옷만 입히고 ㅠㅠ대부분 옷이 오버핏이네요..코디 좀 바꿧으면 좋겠어요..,Blessing,2일 전,4
송지효 스타일리스트 정말 바꾸면 좋겠는데...진짜 바꾸는게 좋을것같음..솔직히 둘이 되게 친한 사이라고는 하지만 그래도...숏컷중에도 예쁜 스타일이 얼마나 많은데 물론 지금 머리도 예쁘고 귀엽지만 송지효의 다른 분위기를 더 살릴 수 있는 숏컷과 스타일도 있는데 도대체가 옷을 왜 저렇게 입히는지 모르겟음 송지효 얼굴이 워낙 넘사벽이라서 그렇지 정말 간편하고 캐주얼하게만 입혀도 진짜 분위기나 매력이 확 살아나는데 도대체가 스타일리스트가 무슨 생각인지 모르겠음 네티즌들 의견도 꽤 나오고 있고 스타일리스트를 바꾸던지 스타일리스트가 본인스스로 바뀌던지 방송에 나올때 송지효 옷 찬찬히 보면 정말.....하...,다니카,2시간 전,0
솔직히 긴머리가 훨씬 더 이쁘긴한듯,우우,4일 전,2
숏컷도 숏컷 나름이지... 송지효처럼 강한 인상이면 충분히 어울리는 숏컷 많은데 무슨 옛날 동네 미장원 아줌마 미용사 머리를 해놨노;;,이재훈,5일 전,5
송지효 보고 단발머리 일본 여배우 떠오른 사람만 조용히 추천 누르고 가라,a g,4일 전,0
쥴리아나????쥴리 ???여윽시 걍나온 말이 아니구나,wonki lee,4일 전,0
송지효 저 머리는 숏컷이 문제가 아님..숏컷도 숏컷 나름인데 뭔 사람을 꺼벙이로 만들어놨어...내가 발로 잘라도 저 머리보다는 예쁠듯,라엘,5일 전,5
7분쯤에 나오는 유재석 옷 정보 아시는분? ㅠㅠ 알려주세요,정태환,5일 전,2
3:48 ㅋㅋㅋ 어디서 보도못한 패션ㅋㅋㅋ,Ys K,3일 전(수정됨),0
송지효님!!! 기우쌤 찾아가세요 제발~~~~,0 4816,5일 전,6
0:01 송지효가 저걸 잠그면 그림이 좀 이상하지 않나? ㅋㅋㅋㅋ,Delete,22시간 전,0
I need english subs huhu,Nefie Gomez,5일 전,0
지효언니 샵 빨리 바꿔ㅠㅠ 헤완얼로 커버침..,박세리,4일 전,5
아 패션들이 무슨 패션쇼같네ㅋㅋㅋㅋㅋㅋ나중엔 모델 워킹까지 할 기세네,선수르,5일 전,0
송지효 팬들 성명서 내용보면 똑똑하더라 그냥 비난이아니라 상세하게 조목조목 이유를 써놨음 나도 근몇년간 송지효나오는 멜로 드라마볼때도 짜증날정도였다 헤어 메이크업까지 넘 올드해서ㅜㅜ옆에있는 전소민 세련된 스타일링이랑 넘비교되고 근데 송지효도 담지효라 그런지 요즘 스타일 잘모르는건 확실함 이번에 진지희 멜빵 올려주려는거보고 느꼈지,이사탕,5일 전,6
제발 지효언니 스타일리스트 좀 바꿔주세요......,곽두팔,5일 전,2
1:38 봤다봤다 ㅇㅈㄹㅌㅋㅋㅋ쿠쿠ㅠ큐ㅠㅋㅋㅋ,윤지예,2일 전,1
앞머리 왜저러지.. 왜 굳이 저런 앞머리로 숏컷을ㅜㅠㅠㅠ,해어화,4일 전,4
송지효 숏컷했다길래 고준희같은 섹시한숏컷일줄 알았는데 엄마가 주방가위로 자른거같음...,리리,5일 전,1
진짜 송지효머리 얼굴이 겨우 커버치네...헤어스타일 쥐파먹은것도 아니고ㅡㅡ,우아으추차아룿후루우투추투우추추추,5일 전(수정됨),1
숏컷이 잘 어울리고 안 어울리고를 떠나서 샵이 문제임저렇게 자르라고 해도 못 자를 컷으로 잘라놨으니 ㅋㅋ...,턱쳐들고이,5일 전,8
전소민 송지효한테 윤은혜 커피프린스 선넘었어ㅋㅋㅋㅋ 썸남의 전썸녀 헤어스탈이라고 말해버리네 근데 커피프린스 머린 아님 짧은머리라고 같은 짦은머린 아니야ㅋㅋ,니지,5일 전,0
거의 지석삼스페셜이네ㅋㅋㅋ,방구할땐직방,5일 전,1
전소민양갈래 머리땋은거 이뿌다♥지효누나 숏컷이뿌다♥,참이스리,5일 전,5
우와 송지효 머리 잘 어울린다. 작품 들어갔나?,ㅇㅈ?,5일 전,2
15:59 야! 내가 트레이너들 사이에선 GD야! 이씨…,익명,5일 전(수정됨),1
15:30 아뇨 컨셉이고 뭐고 너목보처럼 입어주세요...제발..,유채유채,3일 전,3
신기하네 ㅋㅋㅋ,Michael Corleone,5일 전,0
과해보이면 패션을 모르는건가요ㅋㅋㅋㅋㅋ제 눈엔 너무 과해보이는데ㅋㅋㅋㅋ,HJ Yoo,2일 전,2
"지효언니 앞머리 무슨일,,,",ᄉᄆ,5일 전,4
Please the diapers shirt hahahahah 😭😭😭💀😂😂😂,Felix's sunshine,3일 전,0
🤣🤣🤣🤣,Muhamad Tamim Ad Dari,3일 전,0
머리 좀만 다듬어도 훨씬 이쁠것 같긴함...,%리제,4일 전,7
송지효씨 짧은머리도 이쁘네요. 불공평하구먼 ㅋ,신완재,5일 전,1
근데 솔직히 지효누나 단발 자르신분 너무 실망...왜 야인시대에 나온 다리밑 거지들이 할만한 단발을 했는지ㅋㅋㅋㅋ누가보면 8살 아이가 머리카락 짤라보겠다고 그냥 싹둑한 느낌이여,제리,4일 전(수정됨),7
"머리 자르니깐 박미선씨 회춘 하신줄 알았는데…. 거… 코디, 장난이 너무 심한거 아니오?",뽀르뽀르,5일 전,2
요즘 시대 분위기가 분위기다보니 사리는듯하지만 평소였음 지효숏컷가지고 엄청 놀렸을듯ㅋㅋ,Goowaba Goowaba,3일 전,0
지효언니 저거 가발 아닌가여,어.,4일 전,5
언니ㅠ 숏컷에도 종류가 있는데 하필 저런머리라 아쉽다ㅠ 내머리 저렇게했으면 엄청 울었을거임ㅠ,yool yool,3일 전,0
능인진현ㅋㅋㅋ,후후이다 사훈 36 af bj kr,5일 전,0
숏컷이 문제라고 하는데... 그게 문제가 아니라 쥐 파먹은 머리가 이상해보여서 그런걸 왜 자꾸 쇼컷문제로 넘어가송지효 선방했다 선방했다하는데 진짜 선방맞다고 생각함?,I T,4일 전,5
3:20 유재석 신발 정보좀 알수있을까요ㅠㅠ,꾸룩,2일 전,1
송지효도 마이 속상하겠다. 반응들이 워낙 혹평뿐이라서…,παράδ εισος,4일 전,1
지효언니 스타일리스트 내가 더 잘하겠다;;;,J,5일 전,4
다른 멤버들이 받는 패션 지적은 그냥 놀리고 싶어서괜히 하는 말 같은데 지석진은 진짜 옷이 이상함 ㅋㅋㅋ,할무이,2일 전,0
유재석 억까 지리네,Alsdn Dl,16시간 전,0
머리별로라는 사람많네ㅠ 난 ㅇㅖ쁜것 같은데 썸넬예뻐서 들어왔는데..,k,5일 전,3
멤버들 mbti 편 해주세요!!!,YAM,4일 전,2
4:30 초에 양세찬 신발 뭔지 아시는 분 있나요?,준선,10시간 전,0
미용실간거 맞음? 혼자 머리자르면 송지효처럼 되던데,유다인,4일 전,7
지석진 아저씨 나이에 맞게 입어 주세요...,Young Kyu Hwang,3일 전,0
주책바가지래 ㅋㅋㅋㅋㅋㅋㅋㅋㅋㅋㅋ,BONA,5일 전,0
송지효 헤어 담당 지난번에 본인이 하기 싫다는 앞머리 억지로해놓고 개떡같이 자르더니 이번엔 숏컷 이쁜 스타일이 얼마나 많은데 저러고 잘라놓냐 런닝맨 볼때마다 소민이 코디랑 비교돼서 존나 짜증남,달려라루퐁,5일 전,3
송지효 썸넬은 너무 영구 같은데 ㅋㅋㅋ,Guinea pig,5일 전,0
머리좀 더 이쁘게 짤라주지…. 속상함,히히,4일 전,3
지효 언니 찐이었어..?!,hyo.니,5일 전,0
죄송한데 혹시 지석진모음집인데 제목 잘못 쓰신거 아닌가요?? ㅋㅋㅋㅋㅋㅋㅋㅋㅋㅋ,Th,5일 전(수정됨),2
근데 지효님 머리 좀 바꾸셔야될거같은데 생머리만 해놔도 이쁜데 저건 좀 아니지않나 왜 노숙한 스타일링을 고수하는거지 ㅠㅠ 생머리든 단발이든 괜찮은데 제발 저런 노숙한 숏컷은 좀 ㅠㅠ 철부지 초등학교 축구부 느낌..,Jeff ONE,5일 전,6
솔직히 송지효 머리 쥐파먹은듯한데 재석이형이 상처받지 않게 깔아주네,Hak-hyeon Kim,5일 전,1
석진옹 지분80%,아기자기,5일 전,0
송지효 스타일리스트는 쫌 짜르자,멀봐요,5일 전,12
지효 숏컷 아쉽 ㅠㅠ,DDH JW,5일 전,0
이쁘다.송지효,dasging man,5일 전,0
송지효 헤메코 누가 하는 지 궁금하다,잇스트포,5일 전,6
지효언니 화장 안 해도 되고 원피스나 치마 같은 거 안 입혀도 돼요. 그냥 어울리게나 좀 입혀줘요 제발!!!,The way you are,5일 전,0
송지효 헤어 돌려줘 스타일리스트,nice great,5일 전,0
남의 스타일가지고 지적하는건 별로라고 생각합니다 본인의 스타일을 보시고 생각을해보세요 얼굴이 이쁘닌까 멀해도되는거같은데 머라고 하지맙시다,망이,5일 전,3
13:15 여기 노래 혹시 뭔지 아시는 분 계시나요??,김동휘,5일 전,0
런닝맨 중간부터 봐서 벌칙용 가발 쓴줄 알았었음 알고보니까 진짜라길래 놀람..요즘 살도 좀 찌운거같던데 운동선수 작품 들어가는건가,헤헤,2일 전,0
어떤작품이길래 저렇게 애매하게 머리를 짤랐나 정확히 거지존으로 자른듯,Nnnm Jun,4일 전,5
근데 난 좀 이뻐보이는디... 귀엽기도 하고 뭔가 좀 상콤하고 이쁘구 약간 깨물어주고싶은 그런 깜찍함?,?호옹이,5일 전,1
이정도면 석진이형 코디님이 일부러 저러시는거지?,멍멍쓰,5일 전,0
송지효 이쁜데? ㅋㅋ,ArsenalStory,5일 전,3
와 ㅋㅋㅋㅋㅋㅋ나보다 여자보다 다리가 진짜 길고 이쁘닼ㅋㅋㅋㅋ,민써,5일 전,0
머리를 왜 쥐파먹은것처럼 잘라놨어...,UndergrounD,4일 전,3
지효 머리 머냐 ㅋㅋㅋ미쳤네 누가깍았냐,1234 3344,5일 전,0
이쯤되면 할아버지 옷 입혀주기 해야지요 보필씨 아시겠지오?,이지,1일 전,0
지효언니 스타일리스트 좀 바꿔요..ㅠㅠ,금광불괴,4일 전,5
마지막은 예쁜디?? 우오,연뱅,7시간 전,0
왜 항상 지적당하는건 지석삼이야 ㅋㅋㅋ,o o,5일 전,1
송지효  코디가 분명 안티가 맞다.내가 그냥 줏어 입혀도  그보다는 낫겠다.혹시  소속사사장님이 안티인가?,킴엘랜,4일 전(수정됨),5
공식 채널인데 제목은 왜 일반인이 쓴듯한 제목이지 ㅋㅋㅋㅌ,헤이토스,3일 전,2
4탄인데 영상은 3탄이라 나와요 ㅋㅋㅋㅋㅋㅋ,크캭킄캭,5일 전,0
송지효 스타일리스트 바꾸면 좋겠음 ㅜ,브이,5일 전,4
단순 스타일변화 이기를바라며숏컷이후 페미짓만안하길 바란다,정주영,5일 전,0
지효님 앞머리를 짧게ㅡ자르신거ㅜ아닌가..,뭘봐,5일 전,1
"근데 보면 볼수록 송지효 스타일 별로다전문적인 직업인 스타일리스트랑 코디 아닌가? 숏컷이 문제가 아니라 2000년도에 유행한 머리같은데, 이만큼 말 많이 나오는 스타일리스트는 처음 보네",ᄋᄋ,4일 전,9
06:29 저거 msg워너비 음중에서 입었던 옷 ㅋㅋㅋㅋㅋㅋㄱㅋ,J,5일 전(수정됨),0
11:28 이때 이미 머리 커트할 생각한 거 아녀?,김은일,5일 전,0
송지효님 누군가에게 협박받고있나요? 머리가 강제로 깎인듯한머리에요.,김soo,4일 전,3
아니 진짜 궁금한데 컨셉인거임 진심인거임?ㅋㅋㅋㅋㅋㅋㅋㅋ,지쥬,5일 전,2
쥐가 뜯어먹은 것 같은 머리...유느님 열심히 커버쳐주시네,광팬,5일 전,0
하ㅡㅡ 아니 대체왜!!!! 숏컷할거면 예쁘게라도 잘라주던가 진짜 저번부터 앞머리 이상하게 잘라놓더니 헤어담당자 일부러 엿먹일라고 저러는거 아냐? 제발 코디 헤어 싹다 바꾸지,옴뇸뇸,5일 전,5
지효 언니 머리 괜찮은데ㅋㅋ 농촌 스타일같고 편해보임 뭐 일반인이 하면 어쨋느니 저쨋느니 모르겠고 그냥 송지효 is 뭔들~ 난 좋아보여요,선재영,5일 전,1
구라 안 까고 미용 안 배운 내가 잘라도 저거보단 잘 자르겠다.,나는,5일 전,10
"""Fashion King""",Rodzzdor,5일 전,0
지효님 머리 혼자 자르신건가..?,참사람,5일 전,1
2:22 Please stop juxtaposing others.. It's too much. you don't even know how a person feels when she's always compared to someone else,skymoon,4일 전,4
석진님 ㅋㅋㅋㅋㅋ,워너원 오빠들 사랑해♡,5일 전(수정됨),0
"0:21 제목은 4탄인데,  영상은 런닝맨 패션 지적 .zip 3탄 이라고 떠요. 그래도 꿀잼입니당. ㅎㅎ",짱꾸르잼,5일 전,0
저건 맥이는거지. 저걸 스타일이라고입히다니,양희권,5일 전,3
이 정도면 그냥 지석진 쇼의 스핀오프가 아닌가...코너속의 코너속의 코너,ᄀᄀ,5일 전(수정됨),2
와우,소피아 춘삼,4일 전,1
헐 썸네일 가발인줄알았는데 아니었군;;;;,말하는고양이테리 freestyle cat training,5일 전,4
갠적으로 지석진한테 악감정 있거나실험정신이 투철한 스타일리스트 라는 생각이 든다ㅋ아  아니다  애드립이 약하니 의상으로 화면지분 챙기는건가?,핵멋,4일 전(수정됨),0
난 숏컷도 너무 이쁜데?,Baloo Choi,5일 전,2
와 돈 주고 자른 머리맞아? 혼자 잘라도 저거보단 잘 자르겠다 미용실 문 진작에 안 닫고 ㅡㅡ,임유진,5일 전,6
숏컷...미쳤다ㅠ  너무 사랑스럽고 귀여우어이잉,웅,5일 전,1
"대장동 후장동 게이트로 나라꼴 돌아가고 있는 시스템을 쪽집개로 속성과외를 해줘도 모르니 평생~ 개밥, 꿀꿀이죽 쳐먹고 사는건 당연한 일",성민,3일 전,0
자꾸 소울이 거래 ㅋㅋㅋㅋㅋㅋㅎㅋㅎㅋㅋㅋㅋㅋㅎㅋㅋㅋㅋㅋㅋㅋ,J,3일 전,3
근데 이 영상의 반이 지석진 관련임ㅋㅋㅋ,김재욱,5일 전,2
광수 어서 돌아오라 ㅋㅋ,Luca Park,5일 전,0
0:20  관리자님! 여기 문구에서 3탄이 아니라 4탄이에요!! 오타 친 관리자님 바부~,진,5일 전,6
몇화인지 어디서 봐요? 알려주면 좋겠는데,양냥,5일 전,0
근디 숏컷이 완전 송지효님빨인데 솔직히 잘 어울리지 않나요? 의견 차이는 있을 수 있겠으나 필요 이상으로 비난하거나 까내리는 댓글이 너무 많은데 그렇게 별로일 정도예요..? 배우로서 이 스타일 저 스타일 시도해볼 수도 있는데 팬이랍시고 함부로 못된 말 얹는 사람이 너무 많아서 눈살 찌푸려짐,찍먹쿠키,3일 전,3
제목은 패션지적 4탄인데 왜 구독좋아요 멘트뒤엔 3탄이져?.....설마,화면을 두번 터치해 보세요,4일 전,0
초반 패션지적3 으로 나옴 근데 제목은4,양화,5일 전,1
아쉽다 지효 숏컷.... ㅠㅠ생각보다 별로인듯 ㅠㅠ,Grace,3일 전,4
의상 지석진이랑 잘어울림...런닝맨이랑은 조금 안맞지만ㅋ,만점,5일 전,0
트레이너남친룩 ㅋㅋㅋ,카와이정멘짱,3일 전,1
송지효 머리 어쩔거냐 무슨 쥐파먹은 느낌 나네,임성재,4일 전,3
갑자기 그 일반인 머리에 잘못 스타일링했던 헤어디자이너 생각나네 태양인가...,Sunha Park,2일 전,0
룰알못 모음집 해주새요 !!!!,먕먕,5일 전,0
50대에 기저귀라니,RO DO,5일 전,3
11:55 헤엑... 하하 팔뚝봐... 약간 혹 달린거 같아,사슴꼬리,5일 전,0
남자가 여자숏컷보는 시선이 여자가 남자 서남용같은 머리 보는시선이랑 비슷하다고 보면됨 얼굴을 떠나서 그만큼 싫은거지,탕가,4일 전,1
"하아......이런 말해도 되는지 모르지만 김연경 선수 이후 뭔가 재미가 없습니다.역시 이광수가 빠지니 그만큼 재미가 없다고 해야 할까요, 광수의 불운과 X손, 배신 등이 대체 불가라서 그런지 최근 이렇다 할 재미가...없진 않지만 별로라고 해야 할까요...",Mad싱어,4일 전,3
반이 지석진이네 ㅋㅋㅋ,shshshs,5일 전,1
이광수없으니깐 지석진한테 다가네 ㅋㅋㅋㅋㅋㅋㅋㅋㅋ,ss,5일 전,0
지효누님 머리 왜 잘랐대 ㅜ 영화 찍으시나,금호타이거,4일 전,3
0:20 패션지적집 3탄인데 제목은 패션지적4탄이네요 4탄인가요 3탄인가요..,아기곰,5일 전,0
라면먹다 기저귀땜에 뿜엇네,대뚜러기,4일 전,0
0:19 패션 지적 4탄인데 3탄으로 오류있어요!!,•__•,5일 전,4
No more mafia games or such. JK is always ruling in the suspect every game and it drives away the fun. Or at least make the episode more like thriller or mystery like it used to without coming to judging room and too much discussion with others,Super Effective,5일 전,1
머리 누가 짤랐는지 개 열받아... 진짜 못짜름,Chris N.,5일 전,5
지석진 코디가 좀 오버해서 입히긴하네 ㅋㅋㅋ진짜 분량인가,낭만조두,5일 전,1
🌺🌺🌺,풀하우스,5일 전,0
에구~ 여배우 머리가 완전히 더벅머리 선머슴아 머리가 됐네도대체  머리도  옷도 왜 매일 제일 안이쁘게  하고 나오는거야?   스타일리스트가 안티냐?   좀 신경좀 쓰라고?원탑 여배우다   제발 쫌!!!!!!내가 다 화가  난다,김혜숙,5일 전,5
"숏컷중에서도  예쁜머리 많은데 자른거는 원해서 자른거겠지만 스타일이 ,,, 송지효라서 저 정도 인거지  헤메코 조금만 더 ㅜㅠㅠ",황보윤,5일 전,0
스탈리스트바뀌고 다른분이 하지않나?밖에서 전스탈리스트가 아는척 인사하면 못알봐서 멋쩍게 인사한다고 방송에서 본거같은데,김상윤,4일 전,0
지효님ㅠㅠ제발 샵 바꿔요ㅠㅠ..언니라서 소화함ㅜ,안온,5일 전,4
지석진 코디는 런닝맨 제8의 멤버네~~씹을 거리를 만들고 있잖아~,홍길동,4일 전,0
??: 야 오늘 지석진 쇼다,클리프,5일 전,0
송지효님 숏컷에 되게 비관적인 댓글이 많구나... 난 국내 여배우중에 거의 최초(?)로 저런 스타일의 숏컷을 한 도전차체가 파격적이여서 신선했는데. 여기서 기르면 또 스포티한 게 아니라 단정한 숏컷이 되겠지 뭐. 근데 어떻게 하든 지효 님 얼굴이 반짝반짝하네,인시엔,5일 전,3
숏컷으로 왜 자른거지...진짜 궁굼..,윤혜은,5일 전,0
Why jihyo unnie?,erly,5일 전,0
2:22 ㅋㅋㅋㅋㅋㅋㅋ뭔 🐶소리야,David Beckham,5일 전(수정됨),3
멋있으신 김종국님💖옷에 스마일 마크 있어도 안귀여워요 ㅜㅡㅜ,윤창현,5일 전,1
지석진 스타일리스트 진짜 거침이없네 릭오웬스를 입히냐,계말년,5일 전,0
송지효 스타일리스트랑 코디좀 바꿔라,DHL,5일 전(수정됨),6
패션지적젤 많이 당하는 사람 : 지석삼,아이유Rose,5일 전,0
절반 이상이 왕코형임 ㅋㅋㅋㅋㅋ,김지민,5일 전,0
3탄이여 4탄이여,현,5일 전,7
썸네일 송지효 단발한줄,권홍석,5일 전,0
너목보 종국이형님 꾸민거처음봄ㅋㄱㄱㅋㄱㄱㅋ,이진우,2일 전,3
0:21 아이고 3탄이라 나오네요,군침이싹도노,5일 전,0
지효가 안어울린건 아닌데 옛날 스탈이라 어색한거지,김도현,5일 전,0
2:23 뭔 개소리야 조용히해,불쌍맨,3일 전,5
2:23 이거 ㄹㅇ 송지효 분노한거다 ㅋㅋㅋㅋㅋㅋㅋㅋㅋㅋㅋ나랑도 기분나쁠듯 자꾸 전여친이랑 비교하면,오오,5일 전,0
지석진 특집,훈장님,5일 전,0
불편충 존나많네,탐관오리,5일 전,4
송지효 코디가 과연 이 영상 유튜브 댓글을 볼지 궁금하지만 진짜 정신을 차리던가 코디를 바꾸던가 제발제발 변화가 있었으면 좋겠다 일단 머리부터라도..ㅠㅠㅠㅠ 진짜 개빡침 맨날 펑퍼짐한 조거팬츠+겁나 오버핏인 맨투맨+비니 셋 조합에서 벗어난 적이 거의 없어 바지 핏은 진심 할많하않이고...,가능한,11시간 전,1
욕 삐처리 안 하네 ㅋㅋㅋㅋ,kanye westbrook,5일 전,0
송지효 머리 벌칙임?,우리부모,5일 전,6
11:52 하하 팔 뭐임?? 고무고무인가,박다롱,5일 전,2
ㅋㅋㅋㅋㅋㅋㅋㅋㅋㅋ,태규니,4일 전,0
"In episode 581 SM was so rude to jihyo. How can she said that to JiHyo?! The brothers only teasing JK with YEH but they don't rude to JK but SM was too rude to say anything to jihyo,  this is not teasing like what's the brothers do to JK, she is totally insulting Jihyo.  JiHyo treat her so well all these years but she just simply insult JiHyo which she think just teasing or joke?!!!  It's not funny at all.",ladybug's journey,4일 전(수정됨),4
ㅋㅋㅋ걍 지석진털기 ㅜㅅ,민경,5일 전,0
이번에 대상 지석진이 받으려나??,세영,5일 전,0
송지효팬들은 스타일로 태클걸게 아니라 몇년째 예능감이라곤 찾아볼수없는 노잼을 태클걸어라. 머리 옷 지 하고싶은대로 하게 냅두고,섭섭이,3일 전,5
레미제라블 여주 머리 스타일,머머,1일 전,0
"예쁜컷 많은데 너무 쥐파먹은느낌,, 얼굴이 예뻐서 저정도지 나는...............................................................",JU HEE,5일 전,2
송지효 저머리 예쁘다는건 쿵쾅이거나 멕이는거임 ㅋㅋㅋ 진짜 저얼굴이 아줌마가 됐네 ㅠ,ᄋᄅᄋᄅ,5일 전,6
웰컴투 동막골 여자 주인공 닮았다,소다이소,5일 전,0
송지효 많이 늙긴 했구나…,김김,3일 전,3
근데 지석진 스타일리스트는 일부러 저러는 거야..? 아니면 지석진이 스스로 저리 입는건가?,김효찬,5일 전,0
난 15년넘게 지효누나 보며 좋은 기억밖엔 없는데 연예인 보며 스트레스 받는다는 사람들이 자칭 팬이라는게 너무 역겹다. 그렇게 소중한 추억들까지 전부 흑역사 만들고 상처주고 공개적으로 망신줘서 원하는데로 된다한들 행복하시겠어요? 이미 한류톱스타고 돈 벌만큼 벌고 누구보다도 성공한 사람인데도 그 나이에 시집도 안가고 배우활동과 병행하며 밤새가며 런닝맨 나오는건데 여전히 매주 볼수 있다는것만으로 고마운거지 도대체 뭐가 그렇게 바라는게 많으세요? 정작 그 갤러리 이번 생일때 모금조차 안한걸로 알고 있고 aaa 투표율도 비중 5%는 되려나 마녀식당 ost 앨범구매자도 반이 중국국기고 태극기는 얼마 되지도 않던데 해외팬덤에 비해 도움되는건 쥐뿔도 없으면서 시애미질이나 1등 ㅉㅉ 누나한테 그냥 개무시하라고 말해주고 싶다. 무능한 스태프들 욕먹어도 싼건 인정합니다만 팬이랍시고 연예인 인생에 이래라 저래라 할 권한은 없어요.,(T_T;),5일 전,2
혹시 울애기들이랑 코디가 같으신지….석삼,에바킹스텀블레이드,4일 전,0
긴머리로도 스타일링 다양하게할수있는데 굳이?,범이,4일 전,1
왜 숏컷한거지 그냥 냅둬도 이쁜데 이상하게,무무무무,3일 전,1
"왜 스타일리스트 탓하냐?? 스타일리스트가 무슨 힘이 있다고 송지효한테 강요해??애초에 자기가 자기 문제 모르고 옷 이상하게 입고 이번에 숏컷까지 논란 생긴건데. 웃긴다 웃겨. 니들이 송지효 탓이 아니라 스타일리스트 탓하는기 웃긴다고",에스카노르,1일 전,0
그냥 머리 잘못짤랐어 작품 때문이겠지 누가 일부로 저렇게 만들어,프모션,5일 전,2
아니 .....할말을 잃음........ 이정도면 스타일리스트가 진심 안티인거같음  진심 ...... 왜 굳이? 작품때문임...?? 왜 점졈... 아니 저건 좀 심한데? 어디 벌칙머리인줄 ㅋㅋㅋㅋㅋㅋㅋㅋㅅㅂ 영구같아 제발 지효님 얼굴 이쁜거는 당연히 아는데요 솔직히 이영상에서는 처음으로 이쁘다는 생각 안들음 못생겨보였어,뱅지,5일 전(수정됨),1
런닝맨패션지석,전설의흑염룡,5일 전,0
처음에 나오는 지석진 옷은 그냥 멕이는거 아님??? 저게 뭐야 ㅋㅋㅋ,만디라크,5일 전,0
Spartace love 😘😘😘,Michelle Tulaylay,5일 전,0
11:57 아니 잠만 하하 살 뭐야,사랑이 먼데이 튜스데이,5일 전,1
지효언니 코디 볼때마다 안타까움....,다니카,2시간 전,0
지석진패션지적4,노승현,5일 전,0
금보라 ㅋㅋㅋ,디바냥이,5일 전,0
나만 지효언니 숏컷 보고 누군가들이 페미라 할까봐 긴장했나봐,연정,5일 전,0
00:21 썸네일은 4탄인데 3탄으로 나와있네요,채채채채채m,5일 전(수정됨),1
왕코형보다 더 코가 큰 나,죄송합니다,3일 전,0
12월 시상식도있는데 머리를 갑자기왜..?무슨일있으셨나...,Hide Kyle,5일 전(수정됨),0
능인고 진현 어?ㅋㅋ,후후이다 사훈 36 af bj kr,3일 전(수정됨),1
패션지적 4탄 아니고 3탄인둥,Y͎o͎o͎n͎ h͎e͎e͎,5일 전,0
하나만 걸려라 하고 입는거같음 ㅋㅋㅋㅋㅋ,qweasdzxc.,5일 전,0
"예능이라고 하지만 진짜 옷입은 걸로 지적 하는걸 (중딩,고딩) 하는짓거리를 하고있네",아이륜,5일 전(수정됨),0
근데 머리 진짜 더벅머리도 아니고 저게 뭐임 ㅠㅠ 자르다 만 느낌이네,MMMMMMMMM,23시간 전,0
패션'지'적,se cret,3일 전,1
지효언니 숏컷 자체는 너무 별론데 언니 얼굴이 다 커버하네 얼굴로 머리 압도해버림,IAMGOLDEN,5일 전,1
"아기다리고고기다리던패션지적3탄,,,",ㅇㅇ,5일 전,0
잘보았습니다,세웅,5일 전,0
송지효 작품때문에 숏컷한건가요?,Seoki,4일 전,0
2:13 고은찬,mgf,4일 전,2
저걸 누가연예인이한머리라고믿겠냐,qwer,3일 전,1
어제 이광수있었으면 비닐 다뜯어졌을듯,김용재,5일 전,0
송지효 소속사 일하긴 함 ? 진짜 존나 어이없음 언제까지 코디 저런 식으로 해줄거임 일 할 맛 존나 안나겠다 숏컷 시킬거면 좀 이쁘게 잘라주던가 눈 감고 잘랐나 송지효 얼굴 때문에 별 걸 다 시키는 것 같은데 예능인이기 전에 배우임 제발 반성하길,국어,5일 전,0
런닝맨 의상벌칙이 없어진이유,gkrtjsl3,5일 전,0
지석진코디는 대놓고컨셉충이라 웃기기라도하지 코디가망치는연예인이 이승기 송지효인듯 지석진공격당하는와중에 송지효옷보면진짜;,덴데,5일 전,0
송지효에 빌붇어서 페미뿌리는 스타일리스트 정리좀 했음 좋겠네,등심,2일 전,0
지석진쇼다 지석진쇼,John Rho,5일 전,0
짱구에 나오는 원장선생님?,신짱구좋아,5일 전,0
lmao,Mari,2일 전,1
송지효는 연기 그만두냐? 머리가 저게 뭐임?????,이하하하하하,5일 전,0
지석진 패션 안어울리는데 잘어울림,밍덕,5일 전,0
0:22자막이랑 제목중 뭐가 진짜죠?,안돼,5일 전,1
왜 패션지적 4인데 0:22 에는 3탄임? 알려주실분?,피츄,5일 전(수정됨),0
"이 영상 제목은 패션지적4탄인데영상안에서 ""구독 좋아요 알림설정"" 소리 나오는 제목은 패션지적 .zip3탄이 나오네요?!패션지적 .zip 4탄으로 써야되는거 아닌가요?",또르르,5일 전(수정됨),0
지효보고 들어왔는데 짜증...,이왕호,5일 전,0
13:57 명수형?,HZRider,4일 전,0
진짜 이상해 지효 단발머리 잘랐어,Dedi Gunawan,3일 전,0
오프닝에 3탄이라고 되어있는거 안 비밀,진딩,5일 전,1
언니 앞머리만 좀 기르자,강대성의 드럼스틱,4일 전,0
ㅋㅋ,도토리,5일 전,0
송지효씨 코디 ㅍㅁ아닐까 개인적인 생각이 드네요,Edward Choi,1일 전,0
"난 런닝맨을 계속  보아왔어요,그런데 좋은  분위기도 김종국만  나오면 싸해져요왜그런지...아무리 케릭터지만  이건 아닌듯...",geniu s,4일 전,2
"💌내 최신 개인 동영상은 여기에 있습니다.(◍•ᴗ•◍)❤---------------YOUNG-------GIRLS--------------------------------------------------------------------------------------------------------------------------------------------------------------------------------------------------------------------------------------------------------------- 👉 https://aishite.tokyo/vivi?HDRCam私のヌードセックス 💕Gaze: ""Amazed"" Lips: ""Sensual"" Smile: ""Sweeter"" Body: ""Colder"" Жизнь, как красивая мелодия, только песни перепутались. #однако #я #люблю #таких #рыбаков #垃圾",Ihsan Nur lael,4일 전,0
숏컷 이쁘기만 하그만.......,minkyu Kim,5일 전,1
런닝맨,알고리즘 KING,4일 전,1
2:01,작가지망생,5일 전,1
나 진짜 궁금해서 그러는데 왜 자른지 아는사람? 작품땜에 자른거야? 아니면 그냥 자른거야?,조소연,5일 전,0
썸네일에는 4탄인데? 이번께 3탄인가?,ㅎㅎㅎ,5일 전,0
저 단발은 참...,김주한,4일 전,0
지효누나 페미니즘은 진짜 아니야,ᄅᄅᄅ,5일 전,0
2:23,징구박스,5일 전(수정됨),0
0:20 4탄인데 3탄으로 오타났어요!!!,w s,4일 전,0
송지효 코디 페미냐?,합죽이가됩시다합,5일 전,1
송지효 옛날 숏컷보면 예쁜데저건 거지같음,락화생,4일 전,2
사실 전소민은 모든 면에서 패셔너블해 보이는 게 제일 안 좋다. 무릎 부츠를 신고 춤추는 무용수는 없습니다.  지석진그것은 그녀보다 훨씬 낫다.,peekaboo,3일 전,2
0:19 3탄이에여..?,묘지기,4일 전,0
숏컷 개념이 없나  어디 동네 바보로 만들어놨어,마르키시오,5일 전,2
어째서 인트로는 3탄이라고 적혀있는거에여...,소덕,5일 전,0
광수 하차한거 맞니?,ᄋᄆᄃ,5일 전,0
12:08,이이서준,5일 전,0
영상은 3탄이고 제목은 4탄이라니 뭐지,이름,5일 전,0
머리를 쥐뜯어놨구만,bio,5일 전,1
Probably not OK to dress up like Michael Jackson anymore.....,Dan Lee,5일 전,0
송지효는 왜 외모만 얘기하지..예능을 찍는건데...스타일보다 분량이 먼저인거 같은데,김상현,2일 전,0
"※   🔥      유,   투,  브,   트, * , 터  ,     회개와         거룩함     사,   역,    회 ,          검,  색         .................!",회개에합당한열매,3일 전,1
2:01썸네일 가운데...,이찬우,5일 전,0
"[영상/펌] 운명의 날: 미스터리 영웅의 젊은 시절https://youtu.be/ln3R47yZ9qs",아롱이네집,4일 전,0
패션지적 4탄인데 인트로에 3탄이라고 나와있네요,ᄋᄋ,5일 전,0
헐....,마더파더 대구,5일 전,1
송지효 탈코함?,니말이맞아,4일 전,0
머리를왜.. ㅋㅋ,sh wa,3일 전,0
Lol,Tam Qaz,2일 전,1
"인트로에 패션지적이 3탄이라고 한다, 그런데 말입니다, 왜 제목에는 4탄이라고 할까요?",Loyd Kim,4일 전,0
송지효 아니면 스타일리스트 둘중하나는 페미네,Forza,5일 전,0
패션지적 4인데 3으로 ;;,S W LEEM,5일 전,0
보여지는걸로  돈벌어먹다 안팔리거나 살만해지면 다 저러냐??ㅋㅋㅋ 국자이크 급이네  혐오스럽다,애수,5일 전,0
@기우쌤,하영,4일 전,0
난 왜 송지효 머리 잘어울리는 거 같지... 훨 어려보이는디.....ㅠ 내가 저런 쥐파먹은 머리를 워낙 좋아하긴 함 그 수지 당잠사 때도 머리 요상하다는 소리 많이 들엇는디 혼자 좋아함...,성이름,5일 전,0
송지효 아줌마 다 됐네 ㄹㅇ,Goo Seungchul,5일 전,2
왕,허기워기,5일 전,0
송지효 탈코르셋이가? 왜 갑자기 저러는거임? 나 고2때 같은반 긴생머리 여자애가 갑자기 투블럭질하고 왔길래 깜짝 놀랐었는데 그 뒤로 학교 안옴 ㅋㅋㅋㅋㅅㅂ,리채영,5일 전,1
"Erfahren Sie mehr über Schweden, das lebenswerteste Land der Welt https://youtu.be/b-3aIbRWa2c",yến hoang,4일 전,0
지효 팬들 화났던데 어쩌냐 근데 드라마 안들어와서 저렇게 한거 아닌가 ㅋㅋ,황인선,5일 전,0
머리왜이래.... ;;;;;;,멘시루,2일 전,0
송지효 이쁜데.... 자꾸 넉살생각나,멍때리네,5일 전,0
내가 김종국이라면 40대 아줌마 안 만나고 20대 어린 여자 만남,ela Margi,5일 전,1
아ㅏ재 와서 터아자내 ㅅㅂㄴㅎㅇ,고래사냥,4일 전,0
..,이민혁,4일 전,0
전소민도 참 별로 다 아무리 방송이라고 해도 그 딴 장난을 치냐 하는 사람과 몇몇 사람 재밌을려고 존나 눈치 안 보고 하는 것 봐,joon,12시간 전,0
02:23역시 지효의 인성이란.... 고삐리때 날라리였다더니 역시 인성 거지네,파출소고양이,5일 전(수정됨),3
제시 함 나와주라.니들이 뭔데 지효를 판단해 한번 시전해줘..코디가 어떤지는 모르겠는데 지효가 싫었으면 안 했겠지연예인이고 팬들 인기로 먹고사는 사람이긴 하지만 왜 사람을 가지고 인형놀이를 하려고 그래,유마화,2일 전,1
이광수없으니재미가안난다,Ga U,3일 전,1
런닝맨 재방송 보니까 요즘은 그냥 유명멤버 인지도로 버티고 있는 게 한계컨텐츠는 진작에 떨어졌는데 우려먹기로 앞으로 얼마나 더 갈려나,cks ghkd,4일 전,0
송지효님 스타일리스트 중국사람으로 교체했나요??? 뭐야;;;; 갑자기;;;;,rupan J,5일 전,0
ak29b,Wade Lee,5일 전,0
ㅉㅉ 얼마나 ㅈ노잼이면 저런 작의적으로 웃음을 줄까 ㅉㅉ,지호,5일 전,0
따질려면 송지효한테 따져야지 애초에 능력없는 헤메코 담당자 욕한다고 뭐가 달라짐? 하려면 송지효한테 따져서 걔들 손절하고 바꾸게해라,D-Rose,5일 전,1
ㅇ,아오,3일 전,0
런닝맨 다 캐릭터 확실한데 양세찬은 뭔캐릭임?? 개그도 코미디삘 안나오고 아쉽네,작작주주,4일 전,1
숏컷이고 나발이고 방송이나 열심히 좀 해라 철밥통공무원같아,초점나간눈동자,4일 전,2
노잼,생활탐구,5일 전,2
오,박연빈,5일 전,0
근데 송지효가 전소민싫어함? 뭔가 전소민한테만 항상 쌀쌀맞는거같어..,식사를합시다,5일 전,3
🎫❇🦚🦉🐦🐧🐥🐜🐤🐤🕊✳🐠☣☣🎃   사랑 때문에. 하나님은 당신의 아들 예수 그리스도를 보내어 우리를 대신하여 죽게 하셨습니다. 사흘 후에 그를 죽은 자 가운데서 살리셨습니다. 지금. 오직 예수 그리스도로 말미암아. 하나님은 우리에게 거저 주시는 영생을 선물로 주셨습니다. 네가 만일 네 입으로 예수를 주로 시인하며 또 하나님께서 그를 죽은 자 가운데서 살리신 것을 네 마음에 믿으면 또한 당신의 몸을 치유하겠다고 약속했습니다. (하늘을 우러러 하나님께 구하라),Al Beshure,4일 전(수정됨),0
재미없어,뭉게구름,5일 전,0
제발 머리 좀 자른거가지고 이런저런 평가하지마라 그냥 머리 잘랐네~하고 넘어가면 될 걸 기장이 어떻니 이건 안어울리고 저건 어울리니 무슨일 있는 줄 알았다느니 호들갑이 심하고 무례하다,찬란한고양이,5일 전,1
런닝맨 개노잼됐네 언제까지 달리려나,헬창매니아,3일 전,2
무한도전 ㅈㄴ따라하네 초딩프로 ㅋㅋ,SrC,4일 전,0
"전소민 오프닝때 회식 후 데려다주지 않은 것에 지랄하는데ㅅㅂ 상식이 있으면유부남이 데려다주면 그게 더 이상하지그걸 재미가 있다고 생각하는건가?유재석은 착해서고지석진은 합리적인 성격이라서해가 될 수 있는 짓은 안하는거임차가없으면 차를 사던가 대중교통을 타고가던가오빠데려다!줘!이게 뭐냐 유부남들한테 선좀 제발 지켜라제발 하차해라 런닝맨에서 선넘는 발언  계속할꺼면송지효처럼 가만히 있어도 중간은 간다유재석이 게스트나,멤버들 캐릭터 잡아주는데 이게 독이 된 케이스가 전소민임개구리?개 구리다",국민과현역병을고소한최초의문재인,4일 전,3
